1	вот	вот	PART	_	_	_	_	_	@vvg1962m-words#@vvg1962m#0.412#0.827
2	/	/	PUNCT	_	_	_	_	_	@vvg1962m-words#@vvg1962m#0.827#1.242
3	про	про	ADP	_	_	_	_	_	@vvg1962m-words#@vvg1962m#1.242#1.657
4	детство	детство	NOUN	_	Animacy=Inan|Case=Acc|Gender=Neut|Number=Sing	_	_	_	@vvg1962m-words#@vvg1962m#1.657#2.072
5	какие-то	какой-то	DET	_	Case=Nom|Number=Plur	_	_	_	@vvg1962m-words#@vvg1962m#2.072#2.487
6	воспоминания	воспоминание	NOUN	_	Animacy=Inan|Case=Nom|Gender=Neut|Number=Plur	_	_	_	@vvg1962m-words#@vvg1962m#2.487#2.902
7	/	/	PUNCT	_	_	_	_	_	@vvg1962m-words#@vvg1962m#2.902#3.317
8	кого	кто	PRON	_	Case=Acc	_	_	_	@vvg1962m-words#@vvg1962m#3.317#3.732
9	помните	помнить	VERB	_	Aspect=Imp|Mood=Ind|Number=Plur|Person=2|Tense=Pres|VerbForm=Fin|Voice=Act	_	_	_	@vvg1962m-words#@vvg1962m#3.732#4.147
10	из	из	ADP	_	_	_	_	_	@vvg1962m-words#@vvg1962m#4.147#4.562
11	предков	предок	NOUN	_	Animacy=Anim|Case=Gen|Gender=Masc|Number=Plur	_	_	_	@vvg1962m-words#@vvg1962m#4.562#4.977
12	?	?	PUNCT	_	_	_	_	_	@vvg1962m-words#@vvg1962m#4.977#5.392
13	как	как	ADV	_	Degree=Pos	_	_	_	@vvg1962m-words#@vvg1962m#5.392#5.807
14	бы	бы	PART	_	_	_	_	_	@vvg1962m-words#@vvg1962m#5.807#6.222
15	да	да	PART	_	_	_	_	_	@vvg1962m-words#@vvg1962m#6.222#6.637
16	вот	вот	PART	_	_	_	_	_	@vvg1962m-words#@vvg1962m#6.637#7.052
17	/	/	PUNCT	_	_	_	_	_	@vvg1962m-words#@vvg1962m#7.052#7.467
18	там	там	ADV	_	Degree=Pos	_	_	_	@vvg1962m-words#@vvg1962m#7.467#7.882
19	бабушка	бабушка	NOUN	_	Animacy=Anim|Case=Nom|Gender=Fem|Number=Sing	_	_	_	@vvg1962m-words#@vvg1962m#7.882#8.297
20	/	/	PUNCT	_	_	_	_	_	@vvg1962m-words#@vvg1962m#8.297#8.712
21	дедушка	дедушка	NOUN	_	Animacy=Anim|Case=Nom|Gender=Masc|Number=Sing	_	_	_	@vvg1962m-words#@vvg1962m#8.712#9.13
22	#поддакивает#	#поддакивает#	PUNCT	_	_	_	_	_	@vvg1962m-words#@vvg1962m#11.802#14.0
23	они	они	PRON	_	Case=Nom|Number=Plur|Person=3	_	_	_	@vvg1962m-words#@vvg1962m#26.197#26.637
24	местные	местный	ADJ	_	Case=Acc|Degree=Pos|Number=Plur	_	_	_	@vvg1962m-words#@vvg1962m#26.637#27.077
25	уроженцы	уроженец	NOUN	_	Animacy=Anim|Case=Acc|Gender=Masc|Number=Plur	_	_	_	@vvg1962m-words#@vvg1962m#27.077#27.517
26	все	все	PRON	_	Case=Nom|Gender=Neut|Number=Sing	_	_	_	@vvg1962m-words#@vvg1962m#27.517#27.957
27	/	/	PUNCT	_	_	_	_	_	@vvg1962m-words#@vvg1962m#27.957#28.397
28	да	да	PART	_	_	_	_	_	@vvg1962m-words#@vvg1962m#28.397#28.837
29	?	?	PUNCT	_	_	_	_	_	@vvg1962m-words#@vvg1962m#28.837#29.281
30	#поддакивает#	#поддакивает#	PUNCT	_	_	_	_	_	@vvg1962m-words#@vvg1962m#29.281#34.281
31	Тоже	тоже	PART	_	_	_	_	_	@vvg1962m-words#@vvg1962m#49.661#49.919
32	на	на	ADP	_	_	_	_	_	@vvg1962m-words#@vvg1962m#49.919#50.177
33	Кенозере	Кенозеро	PROPN	_	Animacy=Inan|Case=Loc|Gender=Neut|Number=Sing	_	_	_	@vvg1962m-words#@vvg1962m#50.177#50.435
34	/	/	PUNCT	_	_	_	_	_	@vvg1962m-words#@vvg1962m#50.435#50.693
35	да	да	PART	_	_	_	_	_	@vvg1962m-words#@vvg1962m#50.693#50.951
36	?	?	PUNCT	_	_	_	_	_	@vvg1962m-words#@vvg1962m#50.951#51.211
37	аа	а	NOUN	_	Animacy=Inan|Case=Gen|Gender=Masc|Number=Sing	_	_	_	@vvg1962m-words#@vvg1962m#54.788#56.619
38	по	по	ADP	_	_	_	_	_	@vvg1962m-words#@vvg1962m#57.295#57.631
39	этой	этот	DET	_	Case=Dat|Gender=Fem|Number=Sing	_	_	_	@vvg1962m-words#@vvg1962m#57.631#57.967
40	реке	река	NOUN	_	Animacy=Inan|Case=Dat|Gender=Fem|Number=Sing	_	_	_	@vvg1962m-words#@vvg1962m#57.967#58.303
41	да	да	CCONJ	_	_	_	_	_	@vvg1962m-words#@vvg1962m#58.303#58.639
42	/	/	PUNCT	_	_	_	_	_	@vvg1962m-words#@vvg1962m#58.639#58.975
43	ага	ага	NOUN	_	Animacy=Inan|Case=Gen|Gender=Masc|Number=Sing	_	_	_	@vvg1962m-words#@vvg1962m#58.975#59.311
44	/	/	PUNCT	_	_	_	_	_	@vvg1962m-words#@vvg1962m#59.311#59.647
45	ага	ага	NOUN	_	Animacy=Inan|Case=Gen|Gender=Masc|Number=Sing	_	_	_	@vvg1962m-words#@vvg1962m#59.647#59.985
46	и	и	CCONJ	_	_	_	_	_	@vvg1962m-words#@vvg1962m#60.507#60.801
47	они	они	PRON	_	Case=Nom|Number=Plur|Person=3	_	_	_	@vvg1962m-words#@vvg1962m#60.801#61.095
48	тоже	тоже	PART	_	_	_	_	_	@vvg1962m-words#@vvg1962m#61.095#61.389
49	туда	туда	ADV	_	Degree=Pos	_	_	_	@vvg1962m-words#@vvg1962m#61.389#61.683
50	приехали	приехать	VERB	_	Aspect=Perf|Mood=Ind|Number=Plur|Tense=Past|VerbForm=Fin|Voice=Act	_	_	_	@vvg1962m-words#@vvg1962m#61.683#61.977
51	откуда-то	откуда-то	ADV	_	Degree=Pos	_	_	_	@vvg1962m-words#@vvg1962m#61.977#62.271
52	/	/	PUNCT	_	_	_	_	_	@vvg1962m-words#@vvg1962m#62.271#62.565
53	да	да	PART	_	_	_	_	_	@vvg1962m-words#@vvg1962m#62.565#62.859
54	?	?	PUNCT	_	_	_	_	_	@vvg1962m-words#@vvg1962m#62.859#63.154
55	и	и	CCONJ	_	_	_	_	_	@vvg1962m-words#@vvg1962m#71.042#71.284
56	там	там	ADV	_	Degree=Pos	_	_	_	@vvg1962m-words#@vvg1962m#71.284#71.526
57	прям	прямо	ADV	_	Degree=Pos	_	_	_	@vvg1962m-words#@vvg1962m#71.526#71.768
58	целые	целый	ADJ	_	Case=Nom|Degree=Pos|Number=Plur	_	_	_	@vvg1962m-words#@vvg1962m#71.768#72.01
59	деревни	деревня	NOUN	_	Animacy=Inan|Case=Nom|Gender=Fem|Number=Plur	_	_	_	@vvg1962m-words#@vvg1962m#72.01#72.252
60	были	быть	AUX	_	Aspect=Imp|Mood=Ind|Number=Plur|Tense=Past|VerbForm=Fin|Voice=Act	_	_	_	@vvg1962m-words#@vvg1962m#72.252#72.494
61	староверов	старовер	NOUN	_	Animacy=Anim|Case=Gen|Gender=Masc|Number=Plur	_	_	_	@vvg1962m-words#@vvg1962m#72.494#72.736
62	?	?	PUNCT	_	_	_	_	_	@vvg1962m-words#@vvg1962m#72.736#72.978
63	/	/	PUNCT	_	_	_	_	_	@vvg1962m-words#@vvg1962m#72.978#73.22
64	или	или	CCONJ	_	_	_	_	_	@vvg1962m-words#@vvg1962m#73.22#73.462
65	нет	нет	PART	_	_	_	_	_	@vvg1962m-words#@vvg1962m#73.462#73.704
66	?	?	PUNCT	_	_	_	_	_	@vvg1962m-words#@vvg1962m#73.704#73.946
67	/	/	PUNCT	_	_	_	_	_	@vvg1962m-words#@vvg1962m#73.946#74.188
68	или	или	CCONJ	_	_	_	_	_	@vvg1962m-words#@vvg1962m#74.188#74.43
69	они	они	PRON	_	Case=Nom|Number=Plur|Person=3	_	_	_	@vvg1962m-words#@vvg1962m#74.43#74.672
70	там	там	ADV	_	Degree=Pos	_	_	_	@vvg1962m-words#@vvg1962m#74.672#74.914
71	только	только	PART	_	_	_	_	_	@vvg1962m-words#@vvg1962m#74.914#75.156
72	?	?	PUNCT	_	_	_	_	_	@vvg1962m-words#@vvg1962m#75.156#75.408
73	да	да	PART	_	_	_	_	_	@vvg1962m-words#@vvg1962m#83.802#83.963
74	нет	нет	PART	_	_	_	_	_	@vvg1962m-words#@vvg1962m#83.963#84.124
75	нет	нет	PART	_	_	_	_	_	@vvg1962m-words#@vvg1962m#84.124#84.285
76	/	/	PUNCT	_	_	_	_	_	@vvg1962m-words#@vvg1962m#84.285#84.446
77	ну	ну	PART	_	_	_	_	_	@vvg1962m-words#@vvg1962m#84.446#84.607
78	я	я	PRON	_	Case=Nom|Number=Sing|Person=1	_	_	_	@vvg1962m-words#@vvg1962m#84.607#84.768
79	так	так	ADV	_	Degree=Pos	_	_	_	@vvg1962m-words#@vvg1962m#84.768#84.929
80	/	/	PUNCT	_	_	_	_	_	@vvg1962m-words#@vvg1962m#84.929#85.09
81	ага	ага	NOUN	_	Animacy=Inan|Case=Gen|Gender=Masc|Number=Sing	_	_	_	@vvg1962m-words#@vvg1962m#85.09#85.251
82	/	/	PUNCT	_	_	_	_	_	@vvg1962m-words#@vvg1962m#85.251#85.412
83	ага	ага	NOUN	_	Animacy=Inan|Case=Gen|Gender=Masc|Number=Sing	_	_	_	@vvg1962m-words#@vvg1962m#85.412#85.577
84	#поддакивает#	#поддакивает#	PUNCT	_	_	_	_	_	@vvg1962m-words#@vvg1962m#96.45#101.267
85	большие	большой	ADJ	_	Case=Nom|Degree=Pos|Number=Plur	_	_	_	@vvg1962m-words#@vvg1962m#131.554#132.003
86	избы	изба	NOUN	_	Animacy=Inan|Case=Nom|Gender=Masc|Number=Plur	_	_	_	@vvg1962m-words#@vvg1962m#132.003#132.452
87	были	быть	AUX	_	Aspect=Imp|Mood=Ind|Number=Plur|Tense=Past|VerbForm=Fin|Voice=Act	_	_	_	@vvg1962m-words#@vvg1962m#132.452#132.901
88	?	?	PUNCT	_	_	_	_	_	@vvg1962m-words#@vvg1962m#132.901#133.351
89	ага	ага	NOUN	_	Animacy=Inan|Case=Gen|Gender=Masc|Number=Sing	_	_	_	@vvg1962m-words#@vvg1962m#136.689#137.445
90	ага	ага	NOUN	_	Animacy=Inan|Case=Gen|Gender=Masc|Number=Sing	_	_	_	@vvg1962m-words#@vvg1962m#139.945#140.648
91	аа	ао	NOUN	_	Animacy=Inan|Case=Gen|Gender=Masc|Number=Sing	_	_	_	@vvg1962m-words#@vvg1962m#150.918#151.932
92	ага	ага	NOUN	_	Animacy=Inan|Case=Gen|Gender=Masc|Number=Sing	_	_	_	@vvg1962m-words#@vvg1962m#157.567#158.323
93	/	/	PUNCT	_	_	_	_	_	@vvg1962m-words#@vvg1962m#158.323#159.079
94	ага	ага	NOUN	_	Animacy=Inan|Case=Gen|Gender=Masc|Number=Sing	_	_	_	@vvg1962m-words#@vvg1962m#159.079#159.837
95	а	а	CCONJ	_	_	_	_	_	@vvg1962m-words#@vvg1962m#160.281#160.658
96	это	это	PRON	_	Animacy=Inan|Case=Nom|Gender=Neut|Number=Sing	_	_	_	@vvg1962m-words#@vvg1962m#160.658#161.035
97	п...	по	ADP	_	_	_	_	_	@vvg1962m-words#@vvg1962m#161.035#161.412
98	по	по	ADP	_	_	_	_	_	@vvg1962m-words#@vvg1962m#161.412#161.789
99	линии	линия	NOUN	_	Animacy=Inan|Case=Dat|Gender=Fem|Number=Sing	_	_	_	@vvg1962m-words#@vvg1962m#161.789#162.166
100	мамы	мама	NOUN	_	Animacy=Anim|Case=Gen|Gender=Fem|Number=Sing	_	_	_	@vvg1962m-words#@vvg1962m#162.166#162.543
101	староверы	старовер	NOUN	_	Animacy=Anim|Case=Gen|Gender=Fem|Number=Sing	_	_	_	@vvg1962m-words#@vvg1962m#162.543#162.92
102	были	быть	AUX	_	Aspect=Imp|Mood=Ind|Number=Plur|Tense=Past|VerbForm=Fin|Voice=Act	_	_	_	@vvg1962m-words#@vvg1962m#162.92#163.297
103	?	?	PUNCT	_	_	_	_	_	@vvg1962m-words#@vvg1962m#163.297#163.676
104	папы	папа	NOUN	_	Animacy=Anim|Case=Gen|Gender=Masc|Number=Sing	_	_	_	@vvg1962m-words#@vvg1962m#164.676#165.633
105	аа	аа	INTJ	_	Animacy=Inan|Case=Gen|Gender=Masc|Number=Sing	_	_	_	@vvg1962m-words#@vvg1962m#168.253#168.708
106	/	/	PUNCT	_	_	_	_	_	@vvg1962m-words#@vvg1962m#168.708#169.163
107	ага	ага	INTJ	_	_	_	_	_	@vvg1962m-words#@vvg1962m#169.163#169.619
108	а	а	CCONJ	_	_	_	_	_	@vvg1962m-words#@vvg1962m#170.651#170.915
109	как	как	SCONJ	_	_	_	_	_	@vvg1962m-words#@vvg1962m#170.915#171.179
110	мама	мама	NOUN	_	Animacy=Anim|Case=Nom|Gender=Fem|Number=Sing	_	_	_	@vvg1962m-words#@vvg1962m#171.179#171.443
111	с	с	ADP	_	_	_	_	_	@vvg1962m-words#@vvg1962m#171.443#171.707
112	папой	папа	NOUN	_	Animacy=Anim|Case=Ins|Gender=Masc|Number=Sing	_	_	_	@vvg1962m-words#@vvg1962m#171.707#171.971
113	познакомились	знакомиться	VERB	_	Aspect=Perf|Mood=Ind|Number=Plur|Tense=Past|VerbForm=Fin|Voice=Mid	_	_	_	@vvg1962m-words#@vvg1962m#171.971#172.235
114	?	?	PUNCT	_	_	_	_	_	@vvg1962m-words#@vvg1962m#172.235#172.505
115	ага	ага	NOUN	_	Animacy=Anim|Case=Acc|Gender=Masc|Number=Sing	_	_	_	@vvg1962m-words#@vvg1962m#187.837#189.04
116	#поддакивает#	#поддакивает#	PUNCT	_	_	_	_	_	@vvg1962m-words#@vvg1962m#207.04#208.405
117	понятно	понятный	ADJ	_	Degree=Pos|Gender=Neut|Number=Sing|Variant=Short	_	_	_	@vvg1962m-words#@vvg1962m#213.934#214.135
118	/	/	PUNCT	_	_	_	_	_	@vvg1962m-words#@vvg1962m#214.135#214.336
119	он	он	PRON	_	Case=Nom|Gender=Masc|Number=Sing|Person=3	_	_	_	@vvg1962m-words#@vvg1962m#214.336#214.537
120	воевал	воевать	VERB	_	Aspect=Imp|Gender=Masc|Mood=Ind|Number=Sing|Tense=Past|VerbForm=Fin|Voice=Act	_	_	_	@vvg1962m-words#@vvg1962m#214.537#214.738
121	то	то	PRON	_	Animacy=Inan|Case=Nom|Gender=Neut|Number=Sing	_	_	_	@vvg1962m-words#@vvg1962m#214.738#214.939
122	есть	быть	VERB	_	Aspect=Imp|Mood=Ind|Number=Sing|Person=3|Tense=Pres|VerbForm=Fin|Voice=Act	_	_	_	@vvg1962m-words#@vvg1962m#214.939#215.14
123	/	/	PUNCT	_	_	_	_	_	@vvg1962m-words#@vvg1962m#215.14#215.341
124	войну	война	NOUN	_	Animacy=Inan|Case=Acc|Gender=Fem|Number=Sing	_	_	_	@vvg1962m-words#@vvg1962m#215.341#215.542
125	прошел	пройти	VERB	_	Aspect=Perf|Gender=Masc|Mood=Ind|Number=Sing|Tense=Past|VerbForm=Fin|Voice=Act	_	_	_	@vvg1962m-words#@vvg1962m#215.542#215.743
126	/	/	PUNCT	_	_	_	_	_	@vvg1962m-words#@vvg1962m#215.743#215.944
127	да	да	PART	_	_	_	_	_	@vvg1962m-words#@vvg1962m#215.944#216.145
128	?	?	PUNCT	_	_	_	_	_	@vvg1962m-words#@vvg1962m#216.145#216.347
129	заболел	заболеть	VERB	_	Aspect=Perf|Gender=Masc|Mood=Ind|Number=Sing|Tense=Past|VerbForm=Fin|Voice=Act	_	_	_	@vvg1962m-words#@vvg1962m#231.0#231.706
130	тифом	тиф	NOUN	_	Animacy=Inan|Case=Ins|Gender=Masc|Number=Sing	_	_	_	@vvg1962m-words#@vvg1962m#231.706#232.412
131	/	/	PUNCT	_	_	_	_	_	@vvg1962m-words#@vvg1962m#232.412#233.118
132	#поддакивает#	#поддакивает#	PUNCT	_	_	_	_	_	@vvg1962m-words#@vvg1962m#233.118#233.826
133	потом	потом	ADV	_	Degree=Pos	_	_	_	@vvg1962m-words#@vvg1962m#234.543#235.188
134	вернулся	вернуться	VERB	_	Aspect=Perf|Gender=Masc|Mood=Ind|Number=Sing|Tense=Past|VerbForm=Fin|Voice=Mid	_	_	_	@vvg1962m-words#@vvg1962m#235.188#235.833
135	и	и	PART	_	_	_	_	_	@vvg1962m-words#@vvg1962m#235.833#236.478
136	здесь	здесь	ADV	_	Degree=Pos	_	_	_	@vvg1962m-words#@vvg1962m#236.478#237.123
137	/	/	PUNCT	_	_	_	_	_	@vvg1962m-words#@vvg1962m#237.123#237.768
138	#одновременно#	#одновременно#	PUNCT	_	_	_	_	_	@vvg1962m-words#@vvg1962m#237.768#238.413
139	Значит	значит	ADV	_	Degree=Pos	_	_	_	@vvg1962m-words#@vvg1962m#243.444#243.792
140	/	/	PUNCT	_	_	_	_	_	@vvg1962m-words#@vvg1962m#243.792#244.14
141	ну	ну	PART	_	_	_	_	_	@vvg1962m-words#@vvg1962m#244.14#244.488
142	а	а	CCONJ	_	_	_	_	_	@vvg1962m-words#@vvg1962m#244.488#244.836
143	какие-то	какой-то	DET	_	Case=Nom|Number=Plur	_	_	_	@vvg1962m-words#@vvg1962m#244.836#245.184
144	детские	детский	ADJ	_	Case=Nom|Degree=Pos|Number=Plur	_	_	_	@vvg1962m-words#@vvg1962m#245.184#245.532
145	воспоминания	воспоминание	NOUN	_	Animacy=Inan|Case=Nom|Gender=Neut|Number=Plur	_	_	_	@vvg1962m-words#@vvg1962m#245.532#245.88
146	ваши	ваш	NOUN	_	Animacy=Anim|Case=Gen|Gender=Fem|Number=Sing	_	_	_	@vvg1962m-words#@vvg1962m#245.88#246.228
147	?	?	PUNCT	_	_	_	_	_	@vvg1962m-words#@vvg1962m#246.228#246.576
148	/	/	PUNCT	_	_	_	_	_	@vvg1962m-words#@vvg1962m#246.576#246.924
149	вот	вот	PART	_	_	_	_	_	@vvg1962m-words#@vvg1962m#246.924#247.277
150	во	в	ADP	_	_	_	_	_	@vvg1962m-words#@vvg1962m#247.461#247.771
151	что	что	PRON	_	Case=Acc	_	_	_	@vvg1962m-words#@vvg1962m#247.771#248.081
152	играли	играть	VERB	_	Aspect=Imp|Mood=Ind|Number=Plur|Tense=Past|VerbForm=Fin|Voice=Act	_	_	_	@vvg1962m-words#@vvg1962m#248.081#248.391
153	там	там	ADV	_	Degree=Pos	_	_	_	@vvg1962m-words#@vvg1962m#248.391#248.701
154	?	?	PUNCT	_	_	_	_	_	@vvg1962m-words#@vvg1962m#248.701#249.011
155	/	/	PUNCT	_	_	_	_	_	@vvg1962m-words#@vvg1962m#249.011#249.321
156	это	это	PRON	_	Animacy=Inan|Case=Nom|Gender=Neut|Number=Sing	_	_	_	@vvg1962m-words#@vvg1962m#249.321#249.631
157	же	же	PART	_	_	_	_	_	@vvg1962m-words#@vvg1962m#249.631#249.941
158	было	быть	VERB	_	Aspect=Imp|Gender=Neut|Mood=Ind|Number=Sing|Tense=Past|VerbForm=Fin|Voice=Act	_	_	_	@vvg1962m-words#@vvg1962m#249.941#250.251
159	послевоенное	послевоенный	ADJ	_	Case=Nom|Degree=Pos|Gender=Neut|Number=Sing	_	_	_	@vvg1962m-words#@vvg1962m#250.251#250.561
160	время	время	NOUN	_	Animacy=Inan|Case=Nom|Gender=Neut|Number=Sing	_	_	_	@vvg1962m-words#@vvg1962m#250.561#250.871
161	/	/	PUNCT	_	_	_	_	_	@vvg1962m-words#@vvg1962m#250.871#251.181
162	тяжелое	тяжелый	ADJ	_	Case=Nom|Degree=Pos|Gender=Neut|Number=Sing	_	_	_	@vvg1962m-words#@vvg1962m#251.181#251.491
163	/	/	PUNCT	_	_	_	_	_	@vvg1962m-words#@vvg1962m#251.491#251.801
164	что	что	PRON	_	Case=Acc	_	_	_	@vvg1962m-words#@vvg1962m#251.801#252.111
165	ели	ести	VERB	_	Aspect=Imp|Mood=Ind|Number=Plur|Tense=Past|VerbForm=Fin|Voice=Act	_	_	_	@vvg1962m-words#@vvg1962m#252.111#252.421
166	там	там	ADV	_	Degree=Pos	_	_	_	@vvg1962m-words#@vvg1962m#252.421#252.731
167	?	?	PUNCT	_	_	_	_	_	@vvg1962m-words#@vvg1962m#252.731#253.051
168	а	а	CCONJ	_	_	_	_	_	@vvg1962m-words#@vvg1962m#270.794#271.242
169	/	/	PUNCT	_	_	_	_	_	@vvg1962m-words#@vvg1962m#271.242#271.69
170	двойняшка	двойняшка	ADV	_	Degree=Pos	_	_	_	@vvg1962m-words#@vvg1962m#271.69#272.138
171	?	?	PUNCT	_	_	_	_	_	@vvg1962m-words#@vvg1962m#272.138#272.589
172	ага	ага	NOUN	_	Animacy=Anim|Case=Acc|Gender=Masc|Number=Sing	_	_	_	@vvg1962m-words#@vvg1962m#272.923#273.299
173	/	/	PUNCT	_	_	_	_	_	@vvg1962m-words#@vvg1962m#273.299#273.675
174	ага	ага	NOUN	_	Animacy=Anim|Case=Acc|Gender=Masc|Number=Sing	_	_	_	@vvg1962m-words#@vvg1962m#273.675#274.051
175	ага	ага	NOUN	_	Animacy=Inan|Case=Gen|Gender=Masc|Number=Sing	_	_	_	@vvg1962m-words#@vvg1962m#276.358#277.102
176	ага	ага	NOUN	_	Animacy=Inan|Case=Gen|Gender=Masc|Number=Sing	_	_	_	@vvg1962m-words#@vvg1962m#280.825#281.744
177	аа	ао	NOUN	_	Animacy=Inan|Case=Gen|Gender=Masc|Number=Sing	_	_	_	@vvg1962m-words#@vvg1962m#294.137#294.699
178	/	/	PUNCT	_	_	_	_	_	@vvg1962m-words#@vvg1962m#294.699#295.261
179	#смеются#	#смеются#	PUNCT	_	_	_	_	_	@vvg1962m-words#@vvg1962m#295.261#295.824
180	да	да	CCONJ	_	_	_	_	_	@vvg1962m-words#@vvg1962m#299.0#299.331
181	?	?	PUNCT	_	_	_	_	_	@vvg1962m-words#@vvg1962m#299.331#299.662
182	понятно	понятно	ADV	_	Degree=Pos	_	_	_	@vvg1962m-words#@vvg1962m#349.418#350.378
183	помню	помнить	VERB	_	Aspect=Imp|Mood=Ind|Number=Sing|Person=1|Tense=Pres|VerbForm=Fin|Voice=Act	_	_	_	@gis1947f-words#@gis1947f#8.934#9.331
184	родителей	родитель	NOUN	_	Animacy=Anim|Case=Acc|Gender=Masc|Number=Plur	_	_	_	@gis1947f-words#@gis1947f#9.331#9.728
185	всех	весь	PRON	_	Animacy=Anim|Case=Acc|Number=Plur	_	_	_	@gis1947f-words#@gis1947f#9.728#10.125
186	/	/	PUNCT	_	_	_	_	_	@gis1947f-words#@gis1947f#10.125#10.522
187	и	и	CCONJ	_	_	_	_	_	@gis1947f-words#@gis1947f#10.522#10.919
188	бабушку...	бабушка	NOUN	_	Animacy=Anim|Case=Acc|Gender=Fem|Number=Sing	_	_	_	@gis1947f-words#@gis1947f#10.919#11.316
189	бабушек	бабушка	NOUN	_	Animacy=Anim|Case=Gen|Gender=Fem|Number=Plur	_	_	_	@gis1947f-words#@gis1947f#11.316#11.713
190	/	/	PUNCT	_	_	_	_	_	@gis1947f-words#@gis1947f#11.713#12.11
191	дедушка	дедушка	NOUN	_	Animacy=Anim|Case=Nom|Gender=Masc|Number=Sing	_	_	_	@gis1947f-words#@gis1947f#12.11#12.507
192	был	быть	AUX	_	Aspect=Imp|Gender=Masc|Mood=Ind|Number=Sing|Tense=Past|VerbForm=Fin|Voice=Act	_	_	_	@gis1947f-words#@gis1947f#12.507#12.904
193	только	только	PART	_	_	_	_	_	@gis1947f-words#@gis1947f#12.904#13.301
194	один	один	DET	_	Case=Nom|Degree=Pos|Gender=Masc|Number=Sing	_	_	_	@gis1947f-words#@gis1947f#13.301#13.698
195	/	/	PUNCT	_	_	_	_	_	@gis1947f-words#@gis1947f#13.698#14.095
196	ма...	мамин	ADJ	_	Case=Nom|Degree=Pos|Gender=Masc|Number=Sing	_	_	_	@gis1947f-words#@gis1947f#14.095#14.492
197	папин	папин	NOUN	_	Animacy=Anim|Case=Nom|Gender=Masc|Number=Sing	_	_	_	@gis1947f-words#@gis1947f#14.492#14.889
198	/	/	PUNCT	_	_	_	_	_	@gis1947f-words#@gis1947f#14.889#15.286
199	а	а	CCONJ	_	_	_	_	_	@gis1947f-words#@gis1947f#15.286#15.683
200	мамин	мамин	ADJ	_	Case=Nom|Degree=Pos|Gender=Masc|Number=Sing	_	_	_	@gis1947f-words#@gis1947f#15.683#16.08
201	дедушка	дедушка	NOUN	_	Animacy=Anim|Case=Nom|Gender=Masc|Number=Sing	_	_	_	@gis1947f-words#@gis1947f#16.08#16.477
202	погиб	погибнуть	VERB	_	Aspect=Perf|Gender=Masc|Mood=Ind|Number=Sing|Tense=Past|VerbForm=Fin|Voice=Act	_	_	_	@gis1947f-words#@gis1947f#16.477#16.874
203	на	на	ADP	_	_	_	_	_	@gis1947f-words#@gis1947f#16.874#17.271
204	каком-то	какой-то	DET	_	Case=Loc|Gender=Masc|Number=Sing	_	_	_	@gis1947f-words#@gis1947f#17.271#17.668
205	фронте	фронт	NOUN	_	Animacy=Inan|Case=Loc|Gender=Masc|Number=Sing	_	_	_	@gis1947f-words#@gis1947f#17.668#18.065
206	/	/	PUNCT	_	_	_	_	_	@gis1947f-words#@gis1947f#18.065#18.462
207	я	я	PRON	_	Case=Nom|Number=Sing|Person=1	_	_	_	@gis1947f-words#@gis1947f#18.462#18.859
208	уж	уж	PART	_	_	_	_	_	@gis1947f-words#@gis1947f#18.859#19.256
209	теперь	теперь	ADV	_	Degree=Pos	_	_	_	@gis1947f-words#@gis1947f#19.256#19.653
210	и	и	CCONJ	_	_	_	_	_	@gis1947f-words#@gis1947f#19.653#20.05
211	не	не	PART	_	_	_	_	_	@gis1947f-words#@gis1947f#20.05#20.447
212	знаю	знать	VERB	_	Aspect=Imp|Mood=Ind|Number=Sing|Person=1|Tense=Pres|VerbForm=Fin|Voice=Act	_	_	_	@gis1947f-words#@gis1947f#20.447#20.869
213	ну	ну	PART	_	_	_	_	_	@gis1947f-words#@gis1947f#21.478#21.936
214	а	а	CCONJ	_	_	_	_	_	@gis1947f-words#@gis1947f#21.936#22.394
215	/	/	PUNCT	_	_	_	_	_	@gis1947f-words#@gis1947f#22.394#22.852
216	жили	жить	VERB	_	Aspect=Imp|Mood=Ind|Number=Plur|Tense=Past|VerbForm=Fin|Voice=Act	_	_	_	@gis1947f-words#@gis1947f#22.852#23.31
217	через	через	ADP	_	_	_	_	_	@gis1947f-words#@gis1947f#23.31#23.768
218	реку	река	NOUN	_	Animacy=Inan|Case=Acc|Gender=Fem|Number=Sing	_	_	_	@gis1947f-words#@gis1947f#23.768#24.226
219	они	они	PRON	_	Case=Nom|Number=Plur|Person=3	_	_	_	@gis1947f-words#@gis1947f#24.226#24.684
220	/	/	PUNCT	_	_	_	_	_	@gis1947f-words#@gis1947f#24.684#25.142
221	в	в	ADP	_	_	_	_	_	@gis1947f-words#@gis1947f#25.142#25.6
222	смысле	смысл	NOUN	_	Animacy=Inan|Case=Loc|Gender=Masc|Number=Sing	_	_	_	@gis1947f-words#@gis1947f#25.6#26.058
223	они	они	PRON	_	Case=Nom|Number=Plur|Person=3	_	_	_	@gis1947f-words#@gis1947f#26.058#26.516
224	бабушки	бабушка	NOUN	_	Animacy=Anim|Case=Nom|Gender=Fem|Number=Plur	_	_	_	@gis1947f-words#@gis1947f#26.516#26.974
225	дедушки	дедушка	NOUN	_	Animacy=Anim|Case=Nom|Gender=Masc|Number=Plur	_	_	_	@gis1947f-words#@gis1947f#26.974#27.434
226	ну	ну	PART	_	_	_	_	_	@gis1947f-words#@gis1947f#29.021#29.528
227	они	они	PRON	_	Case=Nom|Number=Plur|Person=3	_	_	_	@gis1947f-words#@gis1947f#29.528#30.035
228	староверы	старовер	NOUN	_	Animacy=Anim|Case=Nom|Gender=Masc|Number=Plur	_	_	_	@gis1947f-words#@gis1947f#30.035#30.543
229	и	и	CCONJ	_	_	_	_	_	@gis1947f-words#@gis1947f#30.782#31.09
230	откуда	откуда	ADV	_	Degree=Pos	_	_	_	@gis1947f-words#@gis1947f#31.09#31.398
231	то	то	SCONJ	_	_	_	_	_	@gis1947f-words#@gis1947f#31.398#31.706
232	они	они	PRON	_	Case=Nom|Number=Plur|Person=3	_	_	_	@gis1947f-words#@gis1947f#31.706#32.014
233	при...	при...	X	_	_	_	_	_	@gis1947f-words#@gis1947f#32.014#32.322
234	их	они	PRON	_	Case=Acc|Number=Plur|Person=3	_	_	_	@gis1947f-words#@gis1947f#32.322#32.63
235	откуда-то	откуда-то	ADV	_	Degree=Pos	_	_	_	@gis1947f-words#@gis1947f#32.63#32.938
236	выслали	выслать	VERB	_	Aspect=Imp|Mood=Ind|Number=Plur|Tense=Past|VerbForm=Fin|Voice=Act	_	_	_	@gis1947f-words#@gis1947f#32.938#33.246
237	/	/	PUNCT	_	_	_	_	_	@gis1947f-words#@gis1947f#33.246#33.554
238	или	или	CCONJ	_	_	_	_	_	@gis1947f-words#@gis1947f#33.554#33.862
239	сами	сам	ADJ	_	Case=Nom|Degree=Pos|Number=Plur	_	_	_	@gis1947f-words#@gis1947f#33.862#34.17
240	уехали	уехать	VERB	_	Aspect=Perf|Mood=Ind|Number=Plur|Tense=Past|VerbForm=Fin|Voice=Act	_	_	_	@gis1947f-words#@gis1947f#34.17#34.478
241	/	/	PUNCT	_	_	_	_	_	@gis1947f-words#@gis1947f#34.478#34.786
242	я	я	PRON	_	Case=Nom|Number=Sing|Person=1	_	_	_	@gis1947f-words#@gis1947f#34.786#35.094
243	не	не	PART	_	_	_	_	_	@gis1947f-words#@gis1947f#35.094#35.402
244	знаю	знать	VERB	_	Aspect=Imp|Mood=Ind|Number=Sing|Person=1|Tense=Pres|VerbForm=Fin|Voice=Act	_	_	_	@gis1947f-words#@gis1947f#35.402#35.717
245	их	они	PRON	_	Case=Acc|Number=Plur|Person=3	_	_	_	@gis1947f-words#@gis1947f#35.877#36.289
246	раскулачивали	раскулачивать	VERB	_	Aspect=Imp|Mood=Ind|Number=Plur|Tense=Past|VerbForm=Fin|Voice=Act	_	_	_	@gis1947f-words#@gis1947f#36.289#36.701
247	потом	потом	ADV	_	Degree=Pos	_	_	_	@gis1947f-words#@gis1947f#36.701#37.113
248	еще	еще	ADV	_	Degree=Pos	_	_	_	@gis1947f-words#@gis1947f#37.113#37.525
249	/	/	PUNCT	_	_	_	_	_	@gis1947f-words#@gis1947f#37.525#37.937
250	вот	вот	PART	_	_	_	_	_	@gis1947f-words#@gis1947f#37.937#38.349
251	деда	дед	NOUN	_	Animacy=Anim|Case=Acc|Gender=Masc|Number=Sing	_	_	_	@gis1947f-words#@gis1947f#38.349#38.761
252	рас...	раскулачить	VERB	_	Aspect=Perf|Mood=Ind|Number=Plur|Tense=Past|VerbForm=Fin|Voice=Act	_	_	_	@gis1947f-words#@gis1947f#38.761#39.173
253	раскулачили	раскулачить	VERB	_	Aspect=Perf|Mood=Ind|Number=Plur|Tense=Past|VerbForm=Fin|Voice=Act	_	_	_	@gis1947f-words#@gis1947f#39.173#39.585
254	/	/	PUNCT	_	_	_	_	_	@gis1947f-words#@gis1947f#39.585#39.997
255	и	и	CCONJ	_	_	_	_	_	@gis1947f-words#@gis1947f#39.997#40.409
256	они	они	PRON	_	Case=Nom|Number=Plur|Person=3	_	_	_	@gis1947f-words#@gis1947f#40.409#40.821
257	выехали	выехать	VERB	_	Aspect=Perf|Mood=Ind|Number=Plur|Tense=Past|VerbForm=Fin|Voice=Act	_	_	_	@gis1947f-words#@gis1947f#40.821#41.233
258	вот	вот	PART	_	_	_	_	_	@gis1947f-words#@gis1947f#41.233#41.645
259	/	/	PUNCT	_	_	_	_	_	@gis1947f-words#@gis1947f#41.645#42.057
260	в	в	ADP	_	_	_	_	_	@gis1947f-words#@gis1947f#42.057#42.469
261	эту	этот	DET	_	Case=Acc|Gender=Fem|Number=Sing	_	_	_	@gis1947f-words#@gis1947f#42.469#42.881
262	/	/	PUNCT	_	_	_	_	_	@gis1947f-words#@gis1947f#42.881#43.293
263	в	в	ADP	_	_	_	_	_	@gis1947f-words#@gis1947f#43.293#43.705
264	Кену	Кен	PROPN	_	Animacy=Inan|Case=Acc|Gender=Fem|Number=Sing	_	_	_	@gis1947f-words#@gis1947f#43.705#44.117
265	/	/	PUNCT	_	_	_	_	_	@gis1947f-words#@gis1947f#44.117#44.529
266	и	и	CCONJ	_	_	_	_	_	@gis1947f-words#@gis1947f#44.529#44.941
267	там	там	ADV	_	Degree=Pos	_	_	_	@gis1947f-words#@gis1947f#44.941#45.363
268	я	я	PRON	_	Case=Nom|Number=Sing|Person=1	_	_	_	@gis1947f-words#@gis1947f#45.409#45.615
269	с	с	ADP	_	_	_	_	_	@gis1947f-words#@gis1947f#45.615#45.821
270	Кены	Кена	PROPN	_	Animacy=Inan|Case=Acc|Gender=Fem|Number=Plur	_	_	_	@gis1947f-words#@gis1947f#45.821#46.027
271	/	/	PUNCT	_	_	_	_	_	@gis1947f-words#@gis1947f#46.027#46.233
272	не	не	PART	_	_	_	_	_	@gis1947f-words#@gis1947f#46.233#46.439
273	отсюда	отсюда	ADV	_	Degree=Pos	_	_	_	@gis1947f-words#@gis1947f#46.439#46.649
274	ну	ну	PART	_	_	_	_	_	@gis1947f-words#@gis1947f#47.0#47.313
275	тут	тут	ADV	_	Degree=Pos	_	_	_	@gis1947f-words#@gis1947f#47.313#47.626
276	недалеко	недалеко	ADV	_	Degree=Pos	_	_	_	@gis1947f-words#@gis1947f#47.626#47.939
277	она	она	PRON	_	Case=Nom|Gender=Fem|Number=Sing|Person=3	_	_	_	@gis1947f-words#@gis1947f#47.939#48.252
278	/	/	PUNCT	_	_	_	_	_	@gis1947f-words#@gis1947f#48.252#48.565
279	та	тот	DET	_	Case=Nom|Gender=Fem|Number=Sing	_	_	_	@gis1947f-words#@gis1947f#48.565#48.878
280	Кена	Кен	PROPN	_	Animacy=Anim|Case=Gen|Gender=Masc|Number=Sing	_	_	_	@gis1947f-words#@gis1947f#48.878#49.191
281	то	то	SCONJ	_	_	_	_	_	@gis1947f-words#@gis1947f#49.191#49.508
282	нет	нет	VERB	_	Aspect=Imp|Mood=Ind|Number=Sing|Person=3|Tense=Pres|VerbForm=Fin|Voice=Act	_	_	_	@gis1947f-words#@gis1947f#50.684#51.26
283	/	/	PUNCT	_	_	_	_	_	@gis1947f-words#@gis1947f#51.26#51.836
284	там	там	ADV	_	Degree=Pos	_	_	_	@gis1947f-words#@gis1947f#51.836#52.412
285	пойдет	идти	VERB	_	Aspect=Perf|Mood=Ind|Number=Sing|Person=3|Tense=Fut|VerbForm=Fin|Voice=Act	_	_	_	@gis1947f-words#@gis1947f#52.412#52.988
286	река	река	NOUN	_	Animacy=Inan|Case=Nom|Gender=Fem|Number=Sing	_	_	_	@gis1947f-words#@gis1947f#52.988#53.564
287	Кена	Кен	PROPN	_	Animacy=Anim|Case=Gen|Gender=Masc|Number=Sing	_	_	_	@gis1947f-words#@gis1947f#53.564#54.14
288	с	с	ADP	_	_	_	_	_	@gis1947f-words#@gis1947f#54.263#54.627
289	Кенозера	Кенозеро	PROPN	_	Animacy=Anim|Case=Gen|Gender=Masc|Number=Sing	_	_	_	@gis1947f-words#@gis1947f#54.627#54.991
290	пойдет	пойти	VERB	_	Aspect=Perf|Mood=Ind|Number=Sing|Person=3|Tense=Fut|VerbForm=Fin|Voice=Act	_	_	_	@gis1947f-words#@gis1947f#54.991#55.355
291	река	река	NOUN	_	Animacy=Inan|Case=Nom|Gender=Fem|Number=Sing	_	_	_	@gis1947f-words#@gis1947f#55.355#55.719
292	Кена	Кена	PROPN	_	Animacy=Anim|Case=Nom|Gender=Fem|Number=Sing	_	_	_	@gis1947f-words#@gis1947f#55.719#56.087
293	вот	вот	PART	_	_	_	_	_	@gis1947f-words#@gis1947f#56.192#56.551
294	по	по	ADP	_	_	_	_	_	@gis1947f-words#@gis1947f#56.551#56.91
295	этой	этот	DET	_	Case=Dat|Gender=Fem|Number=Sing	_	_	_	@gis1947f-words#@gis1947f#56.91#57.269
296	реке	река	NOUN	_	Animacy=Inan|Case=Dat|Gender=Fem|Number=Sing	_	_	_	@gis1947f-words#@gis1947f#57.269#57.631
297	да	да	CCONJ	_	_	_	_	_	@gis1947f-words#@gis1947f#57.807#58.204
298	/	/	PUNCT	_	_	_	_	_	@gis1947f-words#@gis1947f#58.204#58.601
299	да	да	CCONJ	_	_	_	_	_	@gis1947f-words#@gis1947f#58.601#59.0
300	как...	как	SCONJ	_	_	_	_	_	@gis1947f-words#@gis1947f#63.578#64.168
301	/	/	PUNCT	_	_	_	_	_	@gis1947f-words#@gis1947f#64.168#64.758
302	как	как	SCONJ	_	_	_	_	_	@gis1947f-words#@gis1947f#64.758#65.348
303	выселенцы	выселенец	NOUN	_	Animacy=Anim|Case=Nom|Gender=Masc|Number=Plur	_	_	_	@gis1947f-words#@gis1947f#65.348#65.938
304	/	/	PUNCT	_	_	_	_	_	@gis1947f-words#@gis1947f#65.938#66.528
305	староверы	старовер	NOUN	_	Animacy=Anim|Case=Nom|Gender=Masc|Number=Plur	_	_	_	@gis1947f-words#@gis1947f#66.528#67.122
306	их	они	PRON	_	Case=Acc|Number=Plur|Person=3	_	_	_	@gis1947f-words#@gis1947f#67.175#67.581
307	гоняли	гоняти	VERB	_	Aspect=Imp|Mood=Ind|Number=Plur|Tense=Past|VerbForm=Fin|Voice=Act	_	_	_	@gis1947f-words#@gis1947f#67.581#67.987
308	раньше	рано	ADV	_	Degree=Cmp	_	_	_	@gis1947f-words#@gis1947f#67.987#68.393
309	/	/	PUNCT	_	_	_	_	_	@gis1947f-words#@gis1947f#68.393#68.799
310	гонения	гонение	NOUN	_	Animacy=Inan|Case=Nom|Gender=Neut|Number=Plur	_	_	_	@gis1947f-words#@gis1947f#68.799#69.205
311	были	быть	AUX	_	Aspect=Imp|Mood=Ind|Number=Plur|Tense=Past|VerbForm=Fin|Voice=Act	_	_	_	@gis1947f-words#@gis1947f#69.205#69.614
312	притеснения	притеснение	NOUN	_	Animacy=Inan|Case=Nom|Gender=Neut|Number=Plur	_	_	_	@gis1947f-words#@gis1947f#69.719#70.186
313	/	/	PUNCT	_	_	_	_	_	@gis1947f-words#@gis1947f#70.186#70.653
314	вот	вот	PART	_	_	_	_	_	@gis1947f-words#@gis1947f#70.653#71.122
315	нет	нет	PART	_	_	_	_	_	@gis1947f-words#@gis1947f#74.966#75.5
316	не	не	PART	_	_	_	_	_	@gis1947f-words#@gis1947f#75.5#76.034
317	они	они	PRON	_	Case=Nom|Number=Plur|Person=3	_	_	_	@gis1947f-words#@gis1947f#76.034#76.568
318	одни	один	DET	_	Case=Nom|Degree=Pos|Number=Plur	_	_	_	@gis1947f-words#@gis1947f#76.568#77.105
319	у	у	ADP	_	_	_	_	_	@gis1947f-words#@gis1947f#77.13#77.427
320	меня	я	PRON	_	Case=Gen|Number=Sing|Person=1	_	_	_	@gis1947f-words#@gis1947f#77.427#77.724
321	где-то	где-то	ADV	_	Degree=Pos	_	_	_	@gis1947f-words#@gis1947f#77.724#78.021
322	и	и	PART	_	_	_	_	_	@gis1947f-words#@gis1947f#78.021#78.318
323	записано	записать	VERB	_	Aspect=Perf|Gender=Neut|Number=Sing|Tense=Past|Variant=Short|VerbForm=Part|Voice=Pass	_	_	_	@gis1947f-words#@gis1947f#78.318#78.615
324	было	быть	AUX	_	Aspect=Imp|Gender=Neut|Mood=Ind|Number=Sing|Tense=Past|VerbForm=Fin|Voice=Act	_	_	_	@gis1947f-words#@gis1947f#78.615#78.912
325	/	/	PUNCT	_	_	_	_	_	@gis1947f-words#@gis1947f#78.912#79.209
326	щас	сейчас	ADV	_	Degree=Pos	_	_	_	@gis1947f-words#@gis1947f#79.209#79.506
327	искать	искать	VERB	_	Aspect=Imp|VerbForm=Inf|Voice=Act	_	_	_	@gis1947f-words#@gis1947f#79.506#79.803
328	то	то	SCONJ	_	_	_	_	_	@gis1947f-words#@gis1947f#79.803#80.1
329	я	я	PRON	_	Case=Nom|Number=Sing|Person=1	_	_	_	@gis1947f-words#@gis1947f#80.1#80.397
330	не	не	PART	_	_	_	_	_	@gis1947f-words#@gis1947f#80.397#80.694
331	нашла	найти	VERB	_	Aspect=Perf|Gender=Fem|Mood=Ind|Number=Sing|Tense=Past|VerbForm=Fin|Voice=Act	_	_	_	@gis1947f-words#@gis1947f#80.694#80.991
332	/	/	PUNCT	_	_	_	_	_	@gis1947f-words#@gis1947f#80.991#81.288
333	раньше-то	рано	ADV	_	Degree=Cmp	_	_	_	@gis1947f-words#@gis1947f#81.288#81.585
334	/	/	PUNCT	_	_	_	_	_	@gis1947f-words#@gis1947f#81.585#81.882
335	не	не	PART	_	_	_	_	_	@gis1947f-words#@gis1947f#81.882#82.179
336	думала	думать	VERB	_	Aspect=Imp|Gender=Fem|Mood=Ind|Number=Sing|Tense=Past|VerbForm=Fin|Voice=Act	_	_	_	@gis1947f-words#@gis1947f#82.179#82.476
337	что	что	SCONJ	_	_	_	_	_	@gis1947f-words#@gis1947f#82.476#82.773
338	вот	вот	PART	_	_	_	_	_	@gis1947f-words#@gis1947f#82.773#83.07
339	меня	я	PRON	_	Case=Acc|Number=Sing|Person=1	_	_	_	@gis1947f-words#@gis1947f#83.07#83.367
340	будете	быть	AUX	_	Aspect=Imp|Mood=Ind|Number=Plur|Person=2|Tense=Pres|VerbForm=Fin|Voice=Act	_	_	_	@gis1947f-words#@gis1947f#83.367#83.664
341	это...	это	PRON	_	Animacy=Inan|Case=Acc|Gender=Neut|Number=Sing	_	_	_	@gis1947f-words#@gis1947f#83.664#83.961
342	/	/	PUNCT	_	_	_	_	_	@gis1947f-words#@gis1947f#83.961#84.258
343	[нрзб]	[нрзб]	PUNCT	_	_	_	_	_	@gis1947f-words#@gis1947f#84.258#84.555
344	/	/	PUNCT	_	_	_	_	_	@gis1947f-words#@gis1947f#84.555#84.852
345	спрашивать	спрашивать	VERB	_	Aspect=Imp|VerbForm=Inf|Voice=Act	_	_	_	@gis1947f-words#@gis1947f#84.852#85.166
346	что	что	PRON	_	Case=Acc	_	_	_	@gis1947f-words#@gis1947f#85.777#86.288
347	там	там	ADV	_	Degree=Pos	_	_	_	@gis1947f-words#@gis1947f#86.288#86.799
348	еще	еще	ADV	_	Degree=Pos	_	_	_	@gis1947f-words#@gis1947f#86.799#87.31
349	был...	быть	AUX	_	Aspect=Imp|Mood=Ind|Number=Plur|Tense=Past|VerbForm=Fin|Voice=Act	_	_	_	@gis1947f-words#@gis1947f#87.31#87.821
350	были	быть	AUX	_	Aspect=Imp|Mood=Ind|Number=Plur|Tense=Past|VerbForm=Fin|Voice=Act	_	_	_	@gis1947f-words#@gis1947f#87.821#88.332
351	семьи	семья	NOUN	_	Animacy=Inan|Case=Gen|Gender=Fem|Number=Sing	_	_	_	@gis1947f-words#@gis1947f#88.332#88.843
352	Кирьяновых	Кирьянов	PROPN	_	Animacy=Anim|Case=Gen|Gender=Masc|Number=Plur	_	_	_	@gis1947f-words#@gis1947f#88.843#89.355
353	детям	ребенок	NOUN	_	Animacy=Anim|Case=Dat|Gender=Masc|Number=Plur	_	_	_	@gis1947f-words#@gis1947f#89.833#90.118
354	надо	надо	ADV	_	Degree=Pos	_	_	_	@gis1947f-words#@gis1947f#90.118#90.403
355	было	быть	AUX	_	Aspect=Imp|Gender=Neut|Mood=Ind|Number=Sing|Tense=Past|VerbForm=Fin|Voice=Act	_	_	_	@gis1947f-words#@gis1947f#90.403#90.688
356	в	в	ADP	_	_	_	_	_	@gis1947f-words#@gis1947f#90.688#90.973
357	школе	школа	NOUN	_	Animacy=Inan|Case=Loc|Gender=Fem|Number=Sing	_	_	_	@gis1947f-words#@gis1947f#90.973#91.258
358	/	/	PUNCT	_	_	_	_	_	@gis1947f-words#@gis1947f#91.258#91.543
359	дак	так	ADV	_	Degree=Pos	_	_	_	@gis1947f-words#@gis1947f#91.543#91.828
360	они	они	PRON	_	Case=Nom|Number=Plur|Person=3	_	_	_	@gis1947f-words#@gis1947f#91.828#92.113
361	у	у	ADP	_	_	_	_	_	@gis1947f-words#@gis1947f#92.113#92.398
362	меня	я	PRON	_	Case=Gen|Number=Sing|Person=1	_	_	_	@gis1947f-words#@gis1947f#92.398#92.683
363	спрашивали	спрашивать	VERB	_	Aspect=Imp|Mood=Ind|Number=Plur|Tense=Past|VerbForm=Fin|Voice=Act	_	_	_	@gis1947f-words#@gis1947f#92.683#92.968
364	/	/	PUNCT	_	_	_	_	_	@gis1947f-words#@gis1947f#92.968#93.253
365	и	и	CCONJ	_	_	_	_	_	@gis1947f-words#@gis1947f#93.253#93.538
366	я	я	PRON	_	Case=Nom|Number=Sing|Person=1	_	_	_	@gis1947f-words#@gis1947f#93.538#93.823
367	поэтому	поэтому	ADV	_	Degree=Pos	_	_	_	@gis1947f-words#@gis1947f#93.823#94.108
368	записала	записать	VERB	_	Aspect=Perf|Gender=Fem|Mood=Ind|Number=Sing|Tense=Past|VerbForm=Fin|Voice=Act	_	_	_	@gis1947f-words#@gis1947f#94.108#94.393
369	/	/	PUNCT	_	_	_	_	_	@gis1947f-words#@gis1947f#94.393#94.678
370	для	для	ADP	_	_	_	_	_	@gis1947f-words#@gis1947f#94.678#94.963
371	них	они	PRON	_	Case=Gen|Number=Plur|Person=3	_	_	_	@gis1947f-words#@gis1947f#94.963#95.248
372	/	/	PUNCT	_	_	_	_	_	@gis1947f-words#@gis1947f#95.248#95.533
373	для	для	ADP	_	_	_	_	_	@gis1947f-words#@gis1947f#95.533#95.818
374	детей	ребенок	NOUN	_	Animacy=Anim|Case=Gen|Gender=Masc|Number=Plur	_	_	_	@gis1947f-words#@gis1947f#95.818#96.103
375	/	/	PUNCT	_	_	_	_	_	@gis1947f-words#@gis1947f#96.103#96.388
376	и	и	CCONJ	_	_	_	_	_	@gis1947f-words#@gis1947f#96.388#96.673
377	для	для	ADP	_	_	_	_	_	@gis1947f-words#@gis1947f#96.673#96.958
378	школьников	школьник	NOUN	_	Animacy=Anim|Case=Gen|Gender=Masc|Number=Plur	_	_	_	@gis1947f-words#@gis1947f#96.958#97.243
379	/	/	PUNCT	_	_	_	_	_	@gis1947f-words#@gis1947f#97.243#97.528
380	теперь	теперь	ADV	_	Degree=Pos	_	_	_	@gis1947f-words#@gis1947f#97.528#97.813
381	уж	уж	PART	_	_	_	_	_	@gis1947f-words#@gis1947f#97.813#98.098
382	все	весь	DET	_	Case=Nom|Number=Plur	_	_	_	@gis1947f-words#@gis1947f#98.098#98.383
383	школьники	школьник	NOUN	_	Animacy=Anim|Case=Nom|Gender=Masc|Number=Plur	_	_	_	@gis1947f-words#@gis1947f#98.383#98.668
384	/	/	PUNCT	_	_	_	_	_	@gis1947f-words#@gis1947f#98.668#98.953
385	отошли	отойти	VERB	_	Aspect=Perf|Mood=Ind|Number=Plur|Tense=Past|VerbForm=Fin|Voice=Act	_	_	_	@gis1947f-words#@gis1947f#98.953#99.238
386	/	/	PUNCT	_	_	_	_	_	@gis1947f-words#@gis1947f#99.238#99.523
387	э	эра	INTJ	_	_	_	_	_	@gis1947f-words#@gis1947f#99.523#99.808
388	/	/	PUNCT	_	_	_	_	_	@gis1947f-words#@gis1947f#99.808#100.093
389	в	в	ADP	_	_	_	_	_	@gis1947f-words#@gis1947f#100.093#100.378
390	смысле	смысл	NOUN	_	Animacy=Inan|Case=Loc|Gender=Masc|Number=Sing	_	_	_	@gis1947f-words#@gis1947f#100.378#100.663
391	взрослые	взрослый	ADJ	_	Case=Nom|Degree=Pos|Number=Plur	_	_	_	@gis1947f-words#@gis1947f#100.663#100.966
392	так	так	ADV	_	Degree=Pos	_	_	_	@gis1947f-words#@gis1947f#101.411#102.051
393	семьи	семья	NOUN	_	Animacy=Inan|Case=Nom|Gender=Fem|Number=Plur	_	_	_	@gis1947f-words#@gis1947f#102.051#102.691
394	еще	еще	ADV	_	Degree=Pos	_	_	_	@gis1947f-words#@gis1947f#102.691#103.331
395	Кирьяновых	Кирьянов	ADJ	_	Animacy=Anim|Case=Acc|Degree=Pos|Number=Plur	_	_	_	@gis1947f-words#@gis1947f#103.331#103.971
396	были	быть	AUX	_	Aspect=Imp|Mood=Ind|Number=Plur|Tense=Past|VerbForm=Fin|Voice=Act	_	_	_	@gis1947f-words#@gis1947f#103.971#104.611
397	две	два	NUM	_	Animacy=Inan|Case=Acc|Gender=Fem	_	_	_	@gis1947f-words#@gis1947f#104.766#105.101
398	семьи	семья	NOUN	_	Animacy=Inan|Case=Gen|Gender=Fem|Number=Sing	_	_	_	@gis1947f-words#@gis1947f#105.101#105.436
399	/	/	PUNCT	_	_	_	_	_	@gis1947f-words#@gis1947f#105.436#105.771
400	или	или	CCONJ	_	_	_	_	_	@gis1947f-words#@gis1947f#105.771#106.106
401	три	три	NUM	_	Case=Nom	_	_	_	@gis1947f-words#@gis1947f#106.106#106.441
402	даже	даже	PART	_	_	_	_	_	@gis1947f-words#@gis1947f#106.441#106.776
403	/	/	PUNCT	_	_	_	_	_	@gis1947f-words#@gis1947f#106.776#107.111
404	брата	брат	NOUN	_	Animacy=Anim|Case=Gen|Gender=Masc|Number=Sing	_	_	_	@gis1947f-words#@gis1947f#107.111#107.446
405	/	/	PUNCT	_	_	_	_	_	@gis1947f-words#@gis1947f#107.446#107.781
406	вот	вот	PART	_	_	_	_	_	@gis1947f-words#@gis1947f#107.781#108.116
407	/	/	PUNCT	_	_	_	_	_	@gis1947f-words#@gis1947f#108.116#108.451
408	и	и	PART	_	_	_	_	_	@gis1947f-words#@gis1947f#108.451#108.786
409	наши	наш	DET	_	Case=Nom|Number=Plur	_	_	_	@gis1947f-words#@gis1947f#108.786#109.121
410	/	/	PUNCT	_	_	_	_	_	@gis1947f-words#@gis1947f#109.121#109.456
411	дедушка	дедушка	NOUN	_	Animacy=Anim|Case=Nom|Gender=Masc|Number=Sing	_	_	_	@gis1947f-words#@gis1947f#109.456#109.8
412	а	а	CCONJ	_	_	_	_	_	@gis1947f-words#@gis1947f#109.955#110.217
413	наших	наш	DET	_	Case=Gen|Number=Plur	_	_	_	@gis1947f-words#@gis1947f#110.217#110.479
414	то	то	PRON	_	Animacy=Inan|Case=Acc|Gender=Neut|Number=Sing	_	_	_	@gis1947f-words#@gis1947f#110.479#110.741
415	тоже	тоже	PART	_	_	_	_	_	@gis1947f-words#@gis1947f#110.741#111.003
416	был	быть	AUX	_	Aspect=Imp|Gender=Masc|Mood=Ind|Number=Sing|Tense=Past|VerbForm=Fin|Voice=Act	_	_	_	@gis1947f-words#@gis1947f#111.003#111.265
417	не	не	PART	_	_	_	_	_	@gis1947f-words#@gis1947f#111.265#111.527
418	один	один	NUM	_	Case=Nom|Gender=Masc	_	_	_	@gis1947f-words#@gis1947f#111.527#111.789
419	дедушка	дедушка	NOUN	_	Animacy=Anim|Case=Nom|Gender=Masc|Number=Sing	_	_	_	@gis1947f-words#@gis1947f#111.789#112.055
420	а	а	CCONJ	_	_	_	_	_	@gis1947f-words#@gis1947f#112.055#112.673
421	еще	еще	ADV	_	Degree=Pos	_	_	_	@gis1947f-words#@gis1947f#112.673#113.291
422	его...	его	PRON	_	Case=Gen|Gender=Masc|Number=Sing|Person=3	_	_	_	@gis1947f-words#@gis1947f#113.291#113.909
423	/	/	PUNCT	_	_	_	_	_	@gis1947f-words#@gis1947f#113.909#114.527
424	его	его	PRON	_	Case=Gen|Gender=Masc|Number=Sing|Person=3	_	_	_	@gis1947f-words#@gis1947f#114.527#115.145
425	братья	брат	NOUN	_	Animacy=Anim|Case=Nom|Gender=Masc|Number=Plur	_	_	_	@gis1947f-words#@gis1947f#115.145#115.763
426	были	быть	AUX	_	Aspect=Imp|Mood=Ind|Number=Plur|Tense=Past|VerbForm=Fin|Voice=Act	_	_	_	@gis1947f-words#@gis1947f#115.763#116.385
427	и	и	CCONJ	_	_	_	_	_	@gis1947f-words#@gis1947f#116.543#117.057
428	там	там	ADV	_	Degree=Pos	_	_	_	@gis1947f-words#@gis1947f#117.057#117.571
429	жили	жить	VERB	_	Aspect=Imp|Mood=Ind|Number=Plur|Tense=Past|VerbForm=Fin|Voice=Act	_	_	_	@gis1947f-words#@gis1947f#117.571#118.087
430	жили	жить	VERB	_	Aspect=Imp|Mood=Ind|Number=Plur|Tense=Past|VerbForm=Fin|Voice=Act	_	_	_	@gis1947f-words#@gis1947f#118.368#118.747
431	большими	большой	ADJ	_	Case=Ins|Degree=Pos|Number=Plur	_	_	_	@gis1947f-words#@gis1947f#118.747#119.126
432	семьями	семья	NOUN	_	Animacy=Inan|Case=Ins|Gender=Fem|Number=Plur	_	_	_	@gis1947f-words#@gis1947f#119.126#119.505
433	/	/	PUNCT	_	_	_	_	_	@gis1947f-words#@gis1947f#119.505#119.884
434	как	как	SCONJ	_	_	_	_	_	@gis1947f-words#@gis1947f#119.884#120.263
435	мама	мама	NOUN	_	Animacy=Anim|Case=Nom|Gender=Fem|Number=Sing	_	_	_	@gis1947f-words#@gis1947f#120.263#120.642
436	рассказывала	рассказывать	VERB	_	Aspect=Imp|Gender=Fem|Mood=Ind|Number=Sing|Tense=Past|VerbForm=Fin|Voice=Act	_	_	_	@gis1947f-words#@gis1947f#120.642#121.021
437	/	/	PUNCT	_	_	_	_	_	@gis1947f-words#@gis1947f#121.021#121.4
438	так	так	ADV	_	Degree=Pos	_	_	_	@gis1947f-words#@gis1947f#121.4#121.779
439	/	/	PUNCT	_	_	_	_	_	@gis1947f-words#@gis1947f#121.779#122.158
440	сколько	сколько	NUM	_	_	_	_	_	@gis1947f-words#@gis1947f#122.158#122.537
441	у	у	ADP	_	_	_	_	_	@gis1947f-words#@gis1947f#122.537#122.916
442	них	они	PRON	_	Case=Gen|Number=Plur|Person=3	_	_	_	@gis1947f-words#@gis1947f#122.916#123.295
443	было	быть	VERB	_	Aspect=Imp|Gender=Neut|Mood=Ind|Number=Sing|Tense=Past|VerbForm=Fin|Voice=Act	_	_	_	@gis1947f-words#@gis1947f#123.295#123.674
444	сыновей	сын	NOUN	_	Animacy=Anim|Case=Gen|Gender=Masc|Number=Plur	_	_	_	@gis1947f-words#@gis1947f#123.674#124.053
445	/	/	PUNCT	_	_	_	_	_	@gis1947f-words#@gis1947f#124.053#124.432
446	у	у	ADP	_	_	_	_	_	@gis1947f-words#@gis1947f#124.432#124.811
447	дедушкиных	дедушкин	ADJ	_	Case=Gen|Degree=Pos|Number=Plur	_	_	_	@gis1947f-words#@gis1947f#124.811#125.19
448	родителей	родитель	NOUN	_	Animacy=Anim|Case=Gen|Gender=Masc|Number=Plur	_	_	_	@gis1947f-words#@gis1947f#125.19#125.569
449	/	/	PUNCT	_	_	_	_	_	@gis1947f-words#@gis1947f#125.569#125.948
450	все	все	DET	_	Case=Nom|Number=Plur	_	_	_	@gis1947f-words#@gis1947f#125.948#126.327
451	вместе	вместе	ADV	_	Degree=Pos	_	_	_	@gis1947f-words#@gis1947f#126.327#126.706
452	жили	жить	VERB	_	Aspect=Imp|Mood=Ind|Number=Plur|Tense=Past|VerbForm=Fin|Voice=Act	_	_	_	@gis1947f-words#@gis1947f#126.706#127.085
453	/	/	PUNCT	_	_	_	_	_	@gis1947f-words#@gis1947f#127.085#127.464
454	сыновья	сыновье	NOUN	_	Animacy=Inan|Case=Nom|Gender=Neut|Number=Plur	_	_	_	@gis1947f-words#@gis1947f#127.464#127.843
455	с	с	ADP	_	_	_	_	_	@gis1947f-words#@gis1947f#127.843#128.222
456	женами	жена	NOUN	_	Animacy=Anim|Case=Ins|Gender=Fem|Number=Plur	_	_	_	@gis1947f-words#@gis1947f#128.222#128.601
457	/	/	PUNCT	_	_	_	_	_	@gis1947f-words#@gis1947f#128.601#128.98
458	все	все	PART	_	_	_	_	_	@gis1947f-words#@gis1947f#128.98#129.359
459	в	в	ADP	_	_	_	_	_	@gis1947f-words#@gis1947f#129.359#129.738
460	одной	один	NUM	_	Case=Loc|Gender=Fem	_	_	_	@gis1947f-words#@gis1947f#129.738#130.117
461	избе	изба	NOUN	_	Animacy=Inan|Case=Loc|Gender=Fem|Number=Sing	_	_	_	@gis1947f-words#@gis1947f#130.117#130.526
462	большие	большой	ADJ	_	Case=Nom|Degree=Pos|Number=Plur	_	_	_	@gis1947f-words#@gis1947f#132.192#132.439
463	избы	изба	NOUN	_	Animacy=Inan|Case=Nom|Gender=Masc|Number=Plur	_	_	_	@gis1947f-words#@gis1947f#132.439#132.686
464	были	быть	VERB	_	Aspect=Imp|Mood=Ind|Number=Plur|Tense=Past|VerbForm=Fin|Voice=Act	_	_	_	@gis1947f-words#@gis1947f#132.686#132.933
465	/	/	PUNCT	_	_	_	_	_	@gis1947f-words#@gis1947f#132.933#133.18
466	да	да	PART	_	_	_	_	_	@gis1947f-words#@gis1947f#133.18#133.427
467	/	/	PUNCT	_	_	_	_	_	@gis1947f-words#@gis1947f#133.427#133.674
468	да	да	PART	_	_	_	_	_	@gis1947f-words#@gis1947f#133.674#133.921
469	/	/	PUNCT	_	_	_	_	_	@gis1947f-words#@gis1947f#133.921#134.168
470	большие	большой	ADJ	_	Case=Nom|Degree=Pos|Number=Plur	_	_	_	@gis1947f-words#@gis1947f#134.168#134.421
471	все	все	PART	_	_	_	_	_	@gis1947f-words#@gis1947f#134.949#135.311
472	в	в	ADP	_	_	_	_	_	@gis1947f-words#@gis1947f#135.311#135.673
473	одной	один	NUM	_	Case=Loc|Gender=Fem	_	_	_	@gis1947f-words#@gis1947f#135.673#136.035
474	избе	изба	NOUN	_	Animacy=Inan|Case=Loc|Gender=Fem|Number=Sing	_	_	_	@gis1947f-words#@gis1947f#136.035#136.397
475	жили	жить	VERB	_	Aspect=Imp|Mood=Ind|Number=Plur|Tense=Past|VerbForm=Fin|Voice=Act	_	_	_	@gis1947f-words#@gis1947f#136.397#136.762
476	ладили	ладить	VERB	_	Aspect=Imp|Mood=Ind|Number=Plur|Tense=Past|VerbForm=Fin|Voice=Act	_	_	_	@gis1947f-words#@gis1947f#137.305#137.656
477	/	/	PUNCT	_	_	_	_	_	@gis1947f-words#@gis1947f#137.656#138.007
478	не	не	PART	_	_	_	_	_	@gis1947f-words#@gis1947f#138.007#138.358
479	ладили	ладить	VERB	_	Aspect=Imp|Mood=Ind|Number=Plur|Tense=Past|VerbForm=Fin|Voice=Act	_	_	_	@gis1947f-words#@gis1947f#138.358#138.709
480	/	/	PUNCT	_	_	_	_	_	@gis1947f-words#@gis1947f#138.709#139.06
481	а	а	CCONJ	_	_	_	_	_	@gis1947f-words#@gis1947f#139.06#139.411
482	/	/	PUNCT	_	_	_	_	_	@gis1947f-words#@gis1947f#139.411#139.762
483	жили	жить	VERB	_	Aspect=Imp|Mood=Ind|Number=Plur|Tense=Past|VerbForm=Fin|Voice=Act	_	_	_	@gis1947f-words#@gis1947f#139.762#140.118
484	а	а	CCONJ	_	_	_	_	_	@gis1947f-words#@gis1947f#140.339#140.862
485	потом	потом	ADV	_	Degree=Pos	_	_	_	@gis1947f-words#@gis1947f#140.862#141.385
486	уж	уж	PART	_	_	_	_	_	@gis1947f-words#@gis1947f#141.385#141.908
487	нам	мы	PRON	_	Case=Dat|Number=Plur|Person=1	_	_	_	@gis1947f-words#@gis1947f#141.908#142.432
488	дядюшка	дядюшка	ADV	_	Degree=Pos	_	_	_	@gis1947f-words#@gis1947f#143.127#143.574
489	один	один	NUM	_	Case=Nom|Gender=Masc	_	_	_	@gis1947f-words#@gis1947f#143.574#144.021
490	умер	умереть	VERB	_	Aspect=Perf|Gender=Masc|Mood=Ind|Number=Sing|Tense=Past|VerbForm=Fin|Voice=Act	_	_	_	@gis1947f-words#@gis1947f#144.021#144.468
491	/	/	PUNCT	_	_	_	_	_	@gis1947f-words#@gis1947f#144.468#144.915
492	ну	ну	PART	_	_	_	_	_	@gis1947f-words#@gis1947f#144.915#145.362
493	в	в	ADP	_	_	_	_	_	@gis1947f-words#@gis1947f#145.362#145.809
494	смысле	смысл	NOUN	_	Animacy=Inan|Case=Loc|Gender=Masc|Number=Sing	_	_	_	@gis1947f-words#@gis1947f#145.809#146.256
495	родственник	родственник	NOUN	_	Animacy=Anim|Case=Nom|Gender=Masc|Number=Sing	_	_	_	@gis1947f-words#@gis1947f#146.256#146.703
496	дядюшка	дядюшка	NOUN	_	Animacy=Anim|Case=Gen|Gender=Masc|Number=Sing	_	_	_	@gis1947f-words#@gis1947f#146.703#147.15
497	/	/	PUNCT	_	_	_	_	_	@gis1947f-words#@gis1947f#147.15#147.597
498	и	и	CCONJ	_	_	_	_	_	@gis1947f-words#@gis1947f#147.597#148.044
499	эту...	этот	DET	_	Case=Acc|Gender=Fem|Number=Sing	_	_	_	@gis1947f-words#@gis1947f#148.044#148.491
500	этот	этот	DET	_	Case=Nom|Gender=Masc|Number=Sing	_	_	_	@gis1947f-words#@gis1947f#148.491#148.938
501	дом	дом	NOUN	_	Animacy=Inan|Case=Nom|Gender=Masc|Number=Sing	_	_	_	@gis1947f-words#@gis1947f#148.938#149.385
502	достался	достаться	VERB	_	Aspect=Perf|Gender=Masc|Mood=Ind|Number=Sing|Tense=Past|VerbForm=Fin|Voice=Mid	_	_	_	@gis1947f-words#@gis1947f#149.385#149.832
503	нашим...	наш	DET	_	Case=Dat|Number=Plur	_	_	_	SpaceAfter=No	_	_	_	@gis1947f-words#@gis1947f#149.832#150.279
504	моим	мой	DET	_	Case=Dat|Number=Plur	_	_	_	@gis1947f-words#@gis1947f#150.279#150.726
505	родителям	родитель	NOUN	_	Animacy=Anim|Case=Dat|Gender=Masc|Number=Plur	_	_	_	@gis1947f-words#@gis1947f#150.726#151.177
506	и	и	CCONJ	_	_	_	_	_	@gis1947f-words#@gis1947f#151.542#151.717
507	вот	вот	PART	_	_	_	_	_	@gis1947f-words#@gis1947f#151.717#151.892
508	мы	мы	PRON	_	Case=Nom|Number=Plur|Person=1	_	_	_	@gis1947f-words#@gis1947f#151.892#152.067
509	туда	туда	ADV	_	Degree=Pos	_	_	_	@gis1947f-words#@gis1947f#152.067#152.242
510	/	/	PUNCT	_	_	_	_	_	@gis1947f-words#@gis1947f#152.242#152.417
511	мы	мы	PRON	_	Case=Nom|Number=Plur|Person=1	_	_	_	@gis1947f-words#@gis1947f#152.417#152.592
512	то	то	SCONJ	_	_	_	_	_	@gis1947f-words#@gis1947f#152.592#152.767
513	уже	уже	ADV	_	Degree=Pos	_	_	_	@gis1947f-words#@gis1947f#152.767#152.942
514	не	не	PART	_	_	_	_	_	@gis1947f-words#@gis1947f#152.942#153.117
515	у	у	ADP	_	_	_	_	_	@gis1947f-words#@gis1947f#153.117#153.292
516	бабушки	бабушка	NOUN	_	Animacy=Anim|Case=Gen|Gender=Fem|Number=Sing	_	_	_	@gis1947f-words#@gis1947f#153.292#153.467
517	с	с	ADP	_	_	_	_	_	@gis1947f-words#@gis1947f#153.467#153.642
518	дедушкой	дедушка	NOUN	_	Animacy=Anim|Case=Ins|Gender=Masc|Number=Sing	_	_	_	@gis1947f-words#@gis1947f#153.642#153.817
519	родились	рождаться	VERB	_	Aspect=Perf|Mood=Ind|Number=Plur|Tense=Past|VerbForm=Fin|Voice=Mid	_	_	_	@gis1947f-words#@gis1947f#153.817#153.992
520	/	/	PUNCT	_	_	_	_	_	@gis1947f-words#@gis1947f#153.992#154.167
521	а	а	CCONJ	_	_	_	_	_	@gis1947f-words#@gis1947f#154.167#154.342
522	вот	вот	PART	_	_	_	_	_	@gis1947f-words#@gis1947f#154.342#154.517
523	в	в	ADP	_	_	_	_	_	@gis1947f-words#@gis1947f#154.517#154.692
524	этом	это	PRON	_	Animacy=Inan|Case=Loc|Gender=Neut|Number=Sing	_	_	_	@gis1947f-words#@gis1947f#154.692#154.867
525	своем	свой	DET	_	Case=Loc|Gender=Neut|Number=Sing	_	_	_	@gis1947f-words#@gis1947f#154.867#155.042
526	доме	дом	NOUN	_	Animacy=Inan|Case=Loc|Gender=Masc|Number=Sing	_	_	_	@gis1947f-words#@gis1947f#155.042#155.237
527	дядюшкином	дядюшкин	ADJ	_	Animacy=Inan|Case=Nom|Gender=Masc|Number=Sing	_	_	_	@gis1947f-words#@gis1947f#158.322#159.262
528	нет	нет	VERB	_	Aspect=Imp|Mood=Ind|Number=Sing|Person=3|Tense=Pres|VerbForm=Fin|Voice=Act	_	_	_	@gis1947f-words#@gis1947f#163.313#163.601
529	[нрзб]	[нрзб]	PUNCT	_	_	_	_	_	@gis1947f-words#@gis1947f#163.623#163.964
530	по	по	ADP	_	_	_	_	_	@gis1947f-words#@gis1947f#163.964#164.305
531	линии	линия	NOUN	_	Animacy=Inan|Case=Dat|Gender=Fem|Number=Sing	_	_	_	@gis1947f-words#@gis1947f#164.305#164.646
532	папы	папа	NOUN	_	Animacy=Anim|Case=Gen|Gender=Masc|Number=Sing	_	_	_	@gis1947f-words#@gis1947f#164.646#164.99
533	мама	мама	NOUN	_	Animacy=Inan|Case=Gen|Gender=Masc|Number=Sing	_	_	_	@gis1947f-words#@gis1947f#164.996#165.27
534	как	как	SCONJ	_	_	_	_	_	@gis1947f-words#@gis1947f#165.27#165.544
535	раз	раз	NOUN	_	Animacy=Inan|Case=Acc|Gender=Masc|Number=Sing	_	_	_	@gis1947f-words#@gis1947f#165.544#165.818
536	не	не	PART	_	_	_	_	_	@gis1947f-words#@gis1947f#165.818#166.092
537	староверка	староверка	NOUN	_	Animacy=Anim|Case=Nom|Gender=Fem|Number=Sing	_	_	_	@gis1947f-words#@gis1947f#166.092#166.366
538	/	/	PUNCT	_	_	_	_	_	@gis1947f-words#@gis1947f#166.366#166.64
539	потому	потому	ADV	_	Degree=Pos	_	_	_	@gis1947f-words#@gis1947f#166.64#166.914
540	ее	она	PRON	_	Case=Gen|Gender=Fem|Number=Sing|Person=3	_	_	_	@gis1947f-words#@gis1947f#166.914#167.188
541	там	там	ADV	_	Degree=Pos	_	_	_	@gis1947f-words#@gis1947f#167.188#167.462
542	и	и	PART	_	_	_	_	_	@gis1947f-words#@gis1947f#167.462#167.736
543	не	не	PART	_	_	_	_	_	@gis1947f-words#@gis1947f#167.736#168.01
544	любили	любить	VERB	_	Aspect=Imp|Mood=Ind|Number=Plur|Tense=Past|VerbForm=Fin|Voice=Act	_	_	_	@gis1947f-words#@gis1947f#168.01#168.292
545	вот	вот	PART	_	_	_	_	_	@gis1947f-words#@gis1947f#168.837#169.629
546	познакомились	знакомиться	VERB	_	Aspect=Perf|Mood=Ind|Number=Plur|Tense=Past|VerbForm=Fin|Voice=Mid	_	_	_	@gis1947f-words#@gis1947f#172.551#173.139
547	?	?	PUNCT	_	_	_	_	_	@gis1947f-words#@gis1947f#173.139#173.727
548	а	а	CCONJ	_	_	_	_	_	@gis1947f-words#@gis1947f#173.727#173.977
549	вот	вот	PART	_	_	_	_	_	@gis1947f-words#@gis1947f#173.977#174.227
550	не	не	PART	_	_	_	_	_	@gis1947f-words#@gis1947f#174.227#174.477
551	знаю	знать	VERB	_	Aspect=Imp|Mood=Ind|Number=Sing|Person=1|Tense=Pres|VerbForm=Fin|Voice=Act	_	_	_	@gis1947f-words#@gis1947f#174.477#174.727
552	/	/	PUNCT	_	_	_	_	_	@gis1947f-words#@gis1947f#174.727#174.977
553	не	не	PART	_	_	_	_	_	@gis1947f-words#@gis1947f#174.977#175.227
554	могу	мочь	VERB	_	Aspect=Imp|Mood=Ind|Number=Sing|Person=1|Tense=Pres|VerbForm=Fin|Voice=Act	_	_	_	@gis1947f-words#@gis1947f#175.227#175.477
555	сказать	сказать	VERB	_	Aspect=Perf|VerbForm=Inf|Voice=Act	_	_	_	@gis1947f-words#@gis1947f#175.477#175.727
556	/	/	PUNCT	_	_	_	_	_	@gis1947f-words#@gis1947f#175.727#175.977
557	они	они	PRON	_	Case=Nom|Number=Plur|Person=3	_	_	_	@gis1947f-words#@gis1947f#175.977#176.227
558	через	через	ADP	_	_	_	_	_	@gis1947f-words#@gis1947f#176.227#176.477
559	реку	река	NOUN	_	Animacy=Inan|Case=Acc|Gender=Fem|Number=Sing	_	_	_	@gis1947f-words#@gis1947f#176.477#176.727
560	жили	жить	VERB	_	Aspect=Imp|Mood=Ind|Number=Plur|Tense=Past|VerbForm=Fin|Voice=Act	_	_	_	@gis1947f-words#@gis1947f#176.727#176.977
561	/	/	PUNCT	_	_	_	_	_	@gis1947f-words#@gis1947f#176.977#177.227
562	река	река	NOUN	_	Animacy=Inan|Case=Nom|Gender=Fem|Number=Sing	_	_	_	@gis1947f-words#@gis1947f#177.227#177.477
563	Кена	Кена	PROPN	_	Animacy=Inan|Case=Nom|Gender=Fem|Number=Sing	_	_	_	@gis1947f-words#@gis1947f#177.477#177.727
564	/	/	PUNCT	_	_	_	_	_	@gis1947f-words#@gis1947f#177.727#177.977
565	а	а	CCONJ	_	_	_	_	_	@gis1947f-words#@gis1947f#177.977#178.227
566	один	один	DET	_	Case=Nom|Degree=Pos|Gender=Masc|Number=Sing	_	_	_	@gis1947f-words#@gis1947f#178.227#178.477
567	на...	на	ADP	_	_	_	_	_	@gis1947f-words#@gis1947f#178.477#178.727
568	[нрзб]	[нрзб]	PUNCT	_	_	_	_	_	@gis1947f-words#@gis1947f#178.727#178.977
569	берегу	берег	NOUN	_	Animacy=Inan|Case=Dat|Gender=Masc|Number=Sing	_	_	_	@gis1947f-words#@gis1947f#178.977#179.227
570	/	/	PUNCT	_	_	_	_	_	@gis1947f-words#@gis1947f#179.227#179.477
571	а	а	CCONJ	_	_	_	_	_	@gis1947f-words#@gis1947f#179.477#179.727
572	она	она	PRON	_	Case=Nom|Gender=Fem|Number=Sing|Person=3	_	_	_	@gis1947f-words#@gis1947f#179.727#179.977
573	на	на	ADP	_	_	_	_	_	@gis1947f-words#@gis1947f#179.977#180.227
574	другом	другой	ADJ	_	Case=Loc|Degree=Pos|Gender=Neut|Number=Sing	_	_	_	@gis1947f-words#@gis1947f#180.227#180.477
575	/	/	PUNCT	_	_	_	_	_	@gis1947f-words#@gis1947f#180.477#180.727
576	дак	так	ADV	_	Degree=Pos	_	_	_	@gis1947f-words#@gis1947f#180.727#180.977
577	/	/	PUNCT	_	_	_	_	_	@gis1947f-words#@gis1947f#180.977#181.227
578	вот	вот	PART	_	_	_	_	_	@gis1947f-words#@gis1947f#181.227#181.477
579	/	/	PUNCT	_	_	_	_	_	@gis1947f-words#@gis1947f#181.477#181.727
580	тут	тут	ADV	_	Degree=Pos	_	_	_	@gis1947f-words#@gis1947f#181.727#181.977
581	познакомились	знакомиться	VERB	_	Aspect=Perf|Mood=Ind|Number=Plur|Tense=Past|VerbForm=Fin|Voice=Mid	_	_	_	@gis1947f-words#@gis1947f#181.977#182.227
582	/	/	PUNCT	_	_	_	_	_	@gis1947f-words#@gis1947f#182.227#182.477
583	может	мочь	VERB	_	Aspect=Imp|Mood=Ind|Number=Sing|Person=3|Tense=Pres|VerbForm=Fin|Voice=Act	_	_	_	@gis1947f-words#@gis1947f#182.477#182.727
584	с	с	ADP	_	_	_	_	_	@gis1947f-words#@gis1947f#182.727#182.977
585	детства	детство	NOUN	_	Animacy=Inan|Case=Gen|Gender=Neut|Number=Sing	_	_	_	@gis1947f-words#@gis1947f#182.977#183.227
586	/	/	PUNCT	_	_	_	_	_	@gis1947f-words#@gis1947f#183.227#183.477
587	Бог	Бог	PROPN	_	Animacy=Anim|Case=Nom|Gender=Masc|Number=Sing	_	_	_	@gis1947f-words#@gis1947f#183.477#183.727
588	их	они	PRON	_	Case=Gen|Number=Plur|Person=3	_	_	_	@gis1947f-words#@gis1947f#183.727#183.977
589	знает	знать	VERB	_	Aspect=Imp|Mood=Ind|Number=Sing|Person=3|Tense=Pres|VerbForm=Fin|Voice=Act	_	_	_	@gis1947f-words#@gis1947f#183.977#184.247
590	не	не	PART	_	_	_	_	_	@gis1947f-words#@gis1947f#184.311#184.483
591	знаю	знать	VERB	_	Aspect=Imp|Mood=Ind|Number=Sing|Person=1|Tense=Pres|VerbForm=Fin|Voice=Act	_	_	_	@gis1947f-words#@gis1947f#184.483#184.655
592	/	/	PUNCT	_	_	_	_	_	@gis1947f-words#@gis1947f#184.655#184.827
593	вот	вот	PART	_	_	_	_	_	@gis1947f-words#@gis1947f#184.827#184.999
594	/	/	PUNCT	_	_	_	_	_	@gis1947f-words#@gis1947f#184.999#185.171
595	чего	что	PRON	_	Case=Gen	_	_	_	@gis1947f-words#@gis1947f#185.171#185.346
596	не	не	PART	_	_	_	_	_	@gis1947f-words#@gis1947f#185.41#185.75
597	спрашивала	спрашивать	VERB	_	Aspect=Imp|Gender=Fem|Mood=Ind|Number=Sing|Tense=Past|VerbForm=Fin|Voice=Act	_	_	_	@gis1947f-words#@gis1947f#185.75#186.09
598	никогда	никогда	ADV	_	Degree=Pos	_	_	_	@gis1947f-words#@gis1947f#186.09#186.43
599	/	/	PUNCT	_	_	_	_	_	@gis1947f-words#@gis1947f#186.43#186.77
600	дак	дак	ADV	_	Degree=Pos	_	_	_	@gis1947f-words#@gis1947f#186.77#187.11
601	и	и	PART	_	_	_	_	_	@gis1947f-words#@gis1947f#187.11#187.45
602	не...	не...	PROPN	_	Animacy=Anim|Case=Ins|Gender=Fem|Number=Sing	_	_	_	@gis1947f-words#@gis1947f#187.45#187.79
603	не	не	PART	_	_	_	_	_	@gis1947f-words#@gis1947f#187.79#188.13
604	знаю	знать	VERB	_	Aspect=Imp|Mood=Ind|Number=Sing|Person=1|Tense=Pres|VerbForm=Fin|Voice=Act	_	_	_	@gis1947f-words#@gis1947f#188.13#188.474
605	Папенька	Папенька	PROPN	_	Animacy=Anim|Case=Acc|Gender=Masc|Number=Sing	_	_	_	@gis1947f-words#@gis1947f#188.756#189.17
606	на	на	ADP	_	_	_	_	_	@gis1947f-words#@gis1947f#189.17#189.584
607	войну	война	NOUN	_	Animacy=Inan|Case=Acc|Gender=Fem|Number=Sing	_	_	_	@gis1947f-words#@gis1947f#189.584#189.998
608	ходил	ходить	VERB	_	Aspect=Imp|Gender=Masc|Mood=Ind|Number=Sing|Tense=Past|VerbForm=Fin|Voice=Act	_	_	_	@gis1947f-words#@gis1947f#189.998#190.412
609	/	/	PUNCT	_	_	_	_	_	@gis1947f-words#@gis1947f#190.412#190.826
610	потом	потом	ADV	_	Degree=Pos	_	_	_	@gis1947f-words#@gis1947f#190.826#191.24
611	оттуда	оттуда	ADV	_	Degree=Pos	_	_	_	@gis1947f-words#@gis1947f#191.24#191.654
612	пришел	прийти	VERB	_	Aspect=Perf|Gender=Masc|Mood=Ind|Number=Sing|Tense=Past|VerbForm=Fin|Voice=Act	_	_	_	@gis1947f-words#@gis1947f#191.654#192.068
613	/	/	PUNCT	_	_	_	_	_	@gis1947f-words#@gis1947f#192.068#192.482
614	тифом	тиф	NOUN	_	Animacy=Inan|Case=Ins|Gender=Masc|Number=Sing	_	_	_	@gis1947f-words#@gis1947f#192.482#192.896
615	заболел	заболеть	VERB	_	Aspect=Perf|Gender=Masc|Mood=Ind|Number=Sing|Tense=Past|VerbForm=Fin|Voice=Act	_	_	_	@gis1947f-words#@gis1947f#192.896#193.31
616	/	/	PUNCT	_	_	_	_	_	@gis1947f-words#@gis1947f#193.31#193.724
617	думали	думать	VERB	_	Aspect=Imp|Mood=Ind|Number=Plur|Tense=Past|VerbForm=Fin|Voice=Act	_	_	_	@gis1947f-words#@gis1947f#193.724#194.138
618	уж	уж	PART	_	_	_	_	_	@gis1947f-words#@gis1947f#194.138#194.552
619	и	и	CCONJ	_	_	_	_	_	@gis1947f-words#@gis1947f#194.552#194.966
620	все	все	PRON	_	Animacy=Inan|Case=Nom|Gender=Neut|Number=Sing	_	_	_	@gis1947f-words#@gis1947f#194.966#195.38
621	/	/	PUNCT	_	_	_	_	_	@gis1947f-words#@gis1947f#195.38#195.794
622	что	что	SCONJ	_	_	_	_	_	@gis1947f-words#@gis1947f#195.794#196.208
623	не...	не...	PROPN	_	Animacy=Anim|Case=Dat|Gender=Fem|Number=Sing	_	_	_	@gis1947f-words#@gis1947f#196.208#196.622
624	не	не	PART	_	_	_	_	_	@gis1947f-words#@gis1947f#196.622#197.036
625	отживется	отживться	VERB	_	Aspect=Perf|Mood=Ind|Number=Sing|Person=3|Tense=Fut|VerbForm=Fin|Voice=Mid	_	_	_	@gis1947f-words#@gis1947f#197.036#197.461
626	послали	послать	VERB	_	Aspect=Perf|Mood=Ind|Number=Plur|Tense=Past|VerbForm=Fin|Voice=Act	_	_	_	@gis1947f-words#@gis1947f#197.961#198.296
627	то	то	SCONJ	_	_	_	_	_	@gis1947f-words#@gis1947f#198.296#198.631
628	его	он	PRON	_	Case=Acc|Gender=Masc|Number=Sing|Person=3	_	_	_	@gis1947f-words#@gis1947f#198.631#198.966
629	[нрзб]	[нрзб]	PUNCT	_	_	_	_	_	@gis1947f-words#@gis1947f#198.966#199.301
630	/	/	PUNCT	_	_	_	_	_	@gis1947f-words#@gis1947f#199.301#199.636
631	ну	ну	PART	_	_	_	_	_	@gis1947f-words#@gis1947f#199.636#199.971
632	в	в	ADP	_	_	_	_	_	@gis1947f-words#@gis1947f#199.971#200.306
633	смысле	смысл	NOUN	_	Animacy=Inan|Case=Loc|Gender=Masc|Number=Sing	_	_	_	@gis1947f-words#@gis1947f#200.306#200.641
634	домой	домой	ADV	_	Degree=Pos	_	_	_	@gis1947f-words#@gis1947f#200.641#200.976
635	то	то	SCONJ	_	_	_	_	_	@gis1947f-words#@gis1947f#200.976#201.311
636	его	он	PRON	_	Case=Acc|Gender=Masc|Number=Sing|Person=3	_	_	_	@gis1947f-words#@gis1947f#201.311#201.646
637	комиссовали	комиссовать	VERB	_	Aspect=Imp|Mood=Ind|Number=Plur|Tense=Past|VerbForm=Fin|Voice=Act	_	_	_	@gis1947f-words#@gis1947f#201.646#201.981
638	что	что	PRON	_	Case=Acc	_	_	_	@gis1947f-words#@gis1947f#201.981#202.316
639	/	/	PUNCT	_	_	_	_	_	@gis1947f-words#@gis1947f#202.316#202.651
640	все	все	PRON	_	Animacy=Inan|Case=Acc|Gender=Neut|Number=Sing	_	_	_	@gis1947f-words#@gis1947f#202.651#202.986
641	уж	уж	PART	_	_	_	_	_	@gis1947f-words#@gis1947f#202.986#203.321
642	/	/	PUNCT	_	_	_	_	_	@gis1947f-words#@gis1947f#203.321#203.656
643	не	не	PART	_	_	_	_	_	@gis1947f-words#@gis1947f#203.656#203.991
644	жилец	жилец	NOUN	_	Animacy=Anim|Case=Nom|Gender=Masc|Number=Sing	_	_	_	@gis1947f-words#@gis1947f#203.991#204.326
645	/	/	PUNCT	_	_	_	_	_	@gis1947f-words#@gis1947f#204.326#204.661
646	а	а	CCONJ	_	_	_	_	_	@gis1947f-words#@gis1947f#204.661#204.996
647	как-то	как-то	ADV	_	Degree=Pos	_	_	_	@gis1947f-words#@gis1947f#204.996#205.331
648	бабки	бабки	NOUN	_	Animacy=Inan|Case=Acc|Gender=Masc|Number=Plur	_	_	_	@gis1947f-words#@gis1947f#205.331#205.666
649	вот	вот	PART	_	_	_	_	_	@gis1947f-words#@gis1947f#205.666#206.001
650	раньше	рано	ADV	_	Degree=Cmp	_	_	_	@gis1947f-words#@gis1947f#206.001#206.336
651	его	он	PRON	_	Case=Acc|Gender=Masc|Number=Sing|Person=3	_	_	_	@gis1947f-words#@gis1947f#206.336#206.671
652	вылечили	вылечить	VERB	_	Aspect=Perf|Mood=Ind|Number=Plur|Tense=Past|VerbForm=Fin|Voice=Act	_	_	_	@gis1947f-words#@gis1947f#206.671#207.006
653	/	/	PUNCT	_	_	_	_	_	@gis1947f-words#@gis1947f#207.006#207.341
654	бабки	бабки	NOUN	_	Animacy=Inan|Case=Acc|Gender=Fem|Number=Plur	_	_	_	@gis1947f-words#@gis1947f#207.341#207.679
655	и	и	CCONJ	_	_	_	_	_	@gis1947f-words#@gis1947f#207.846#208.192
656	еще	еще	ADV	_	Degree=Pos	_	_	_	@gis1947f-words#@gis1947f#208.192#208.538
657	и	и	PART	_	_	_	_	_	@gis1947f-words#@gis1947f#208.538#208.884
658	мы	мы	PRON	_	Case=Nom|Number=Plur|Person=1	_	_	_	@gis1947f-words#@gis1947f#208.884#209.23
659	родились	рождаться	VERB	_	Aspect=Perf|Mood=Ind|Number=Plur|Tense=Past|VerbForm=Fin|Voice=Mid	_	_	_	@gis1947f-words#@gis1947f#209.23#209.576
660	в	в	ADP	_	_	_	_	_	@gis1947f-words#@gis1947f#209.576#209.922
661	47-м	47-й	ADJ	_	Case=Loc|Degree=Pos|Gender=Masc|Number=Sing	_	_	_	@gis1947f-words#@gis1947f#209.922#210.269
662	не	не	PART	_	_	_	_	_	@gis1947f-words#@gis1947f#215.858#216.132
663	прошел	пройти	VERB	_	Aspect=Perf|Gender=Masc|Mood=Ind|Number=Sing|Tense=Past|VerbForm=Fin|Voice=Act	_	_	_	@gis1947f-words#@gis1947f#216.132#216.406
664	/	/	PUNCT	_	_	_	_	_	@gis1947f-words#@gis1947f#216.406#216.68
665	он	он	PRON	_	Case=Nom|Gender=Masc|Number=Sing|Person=3	_	_	_	@gis1947f-words#@gis1947f#216.68#216.954
666	вот	вот	PART	_	_	_	_	_	@gis1947f-words#@gis1947f#216.954#217.23
667	комиссовали	комиссовать	VERB	_	Aspect=Imp|Mood=Ind|Number=Plur|Tense=Past|VerbForm=Fin|Voice=Act	_	_	_	@gis1947f-words#@gis1947f#217.282#218.41
668	он	он	PRON	_	Case=Nom|Gender=Masc|Number=Sing|Person=3	_	_	_	@gis1947f-words#@gis1947f#218.512#218.813
669	[нрзб]	[нрзб]	PUNCT	_	_	_	_	_	@gis1947f-words#@gis1947f#218.813#219.114
670	/	/	PUNCT	_	_	_	_	_	@gis1947f-words#@gis1947f#219.114#219.415
671	не	не	PART	_	_	_	_	_	@gis1947f-words#@gis1947f#219.415#219.716
672	успел	успеть	VERB	_	Aspect=Perf|Gender=Masc|Mood=Ind|Number=Sing|Tense=Past|VerbForm=Fin|Voice=Act	_	_	_	@gis1947f-words#@gis1947f#219.716#220.017
673	/	/	PUNCT	_	_	_	_	_	@gis1947f-words#@gis1947f#220.017#220.318
674	ну	ну	PART	_	_	_	_	_	@gis1947f-words#@gis1947f#220.318#220.619
675	началась	начаться	VERB	_	Aspect=Perf|Gender=Fem|Mood=Ind|Number=Sing|Tense=Past|VerbForm=Fin|Voice=Mid	_	_	_	@gis1947f-words#@gis1947f#220.619#220.92
676	война	война	NOUN	_	Animacy=Inan|Case=Nom|Gender=Fem|Number=Sing	_	_	_	@gis1947f-words#@gis1947f#220.92#221.221
677	/	/	PUNCT	_	_	_	_	_	@gis1947f-words#@gis1947f#221.221#221.522
678	его	он	PRON	_	Case=Acc|Gender=Masc|Number=Sing|Person=3	_	_	_	@gis1947f-words#@gis1947f#221.522#221.823
679	забрали	забрать	VERB	_	Aspect=Perf|Mood=Ind|Number=Plur|Tense=Past|VerbForm=Fin|Voice=Act	_	_	_	@gis1947f-words#@gis1947f#221.823#222.124
680	/	/	PUNCT	_	_	_	_	_	@gis1947f-words#@gis1947f#222.124#222.425
681	и	и	CCONJ	_	_	_	_	_	@gis1947f-words#@gis1947f#222.425#222.726
682	вот	вот	PART	_	_	_	_	_	@gis1947f-words#@gis1947f#222.726#223.027
683	там	там	ADV	_	Degree=Pos	_	_	_	@gis1947f-words#@gis1947f#223.027#223.328
684	/	/	PUNCT	_	_	_	_	_	@gis1947f-words#@gis1947f#223.328#223.629
685	сколько	сколько	NUM	_	_	_	_	_	@gis1947f-words#@gis1947f#223.629#223.93
686	он	он	PRON	_	Case=Nom|Gender=Masc|Number=Sing|Person=3	_	_	_	@gis1947f-words#@gis1947f#223.93#224.231
687	там	там	ADV	_	Degree=Pos	_	_	_	@gis1947f-words#@gis1947f#224.231#224.532
688	/	/	PUNCT	_	_	_	_	_	@gis1947f-words#@gis1947f#224.532#224.833
689	мне	я	PRON	_	Case=Dat|Number=Sing|Person=1	_	_	_	@gis1947f-words#@gis1947f#224.833#225.134
690	тоже	тоже	PART	_	_	_	_	_	@gis1947f-words#@gis1947f#225.134#225.435
691	теперь	теперь	ADV	_	Degree=Pos	_	_	_	@gis1947f-words#@gis1947f#225.435#225.736
692	не	не	PART	_	_	_	_	_	@gis1947f-words#@gis1947f#225.736#226.037
693	сказать	сказать	VERB	_	Aspect=Perf|VerbForm=Inf|Voice=Act	_	_	_	@gis1947f-words#@gis1947f#226.037#226.338
694	сколько	сколько	NUM	_	_	_	_	_	@gis1947f-words#@gis1947f#226.338#226.639
695	он	он	PRON	_	Case=Nom|Gender=Masc|Number=Sing|Person=3	_	_	_	@gis1947f-words#@gis1947f#226.639#226.94
696	там	там	ADV	_	Degree=Pos	_	_	_	@gis1947f-words#@gis1947f#226.94#227.241
697	провел	провести	VERB	_	Aspect=Perf|Gender=Masc|Mood=Ind|Number=Sing|Tense=Past|VerbForm=Fin|Voice=Act	_	_	_	@gis1947f-words#@gis1947f#227.241#227.542
698	на	на	ADP	_	_	_	_	_	@gis1947f-words#@gis1947f#227.542#227.843
699	войне	война	NOUN	_	Animacy=Inan|Case=Loc|Gender=Fem|Number=Sing	_	_	_	@gis1947f-words#@gis1947f#227.843#228.153
700	но	но	CCONJ	_	_	_	_	_	@gis1947f-words#@gis1947f#228.397#229.057
701	комиссовали	комиссовать	VERB	_	Aspect=Imp|Mood=Ind|Number=Plur|Tense=Past|VerbForm=Fin|Voice=Act	_	_	_	@gis1947f-words#@gis1947f#229.057#229.717
702	из-за	из-за	ADP	_	_	_	_	_	@gis1947f-words#@gis1947f#229.717#230.377
703	тифа	тиф	NOUN	_	Animacy=Inan|Case=Gen|Gender=Masc|Number=Sing	_	_	_	@gis1947f-words#@gis1947f#230.377#231.038
704	да	да	CCONJ	_	_	_	_	_	@gis1947f-words#@gis1947f#231.953#232.54
705	/	/	PUNCT	_	_	_	_	_	@gis1947f-words#@gis1947f#232.54#233.127
706	да	да	CCONJ	_	_	_	_	_	@gis1947f-words#@gis1947f#233.127#233.715
707	тут	тут	ADV	_	Degree=Pos	_	_	_	@gis1947f-words#@gis1947f#238.797#239.379
708	же	же	PART	_	_	_	_	_	@gis1947f-words#@gis1947f#239.379#239.961
709	/	/	PUNCT	_	_	_	_	_	@gis1947f-words#@gis1947f#239.961#240.543
710	и	и	CCONJ	_	_	_	_	_	@gis1947f-words#@gis1947f#240.543#241.125
711	стали	стать	VERB	_	Aspect=Perf|Mood=Ind|Number=Plur|Tense=Past|VerbForm=Fin|Voice=Act	_	_	_	@gis1947f-words#@gis1947f#241.125#241.707
712	жить	жить	VERB	_	Aspect=Imp|VerbForm=Inf|Voice=Act	_	_	_	@gis1947f-words#@gis1947f#241.707#242.289
713	тоже	тоже	PART	_	_	_	_	_	@gis1947f-words#@gis1947f#242.289#242.871
714	/	/	PUNCT	_	_	_	_	_	@gis1947f-words#@gis1947f#242.871#243.453
715	вернулся	вернуться	VERB	_	Aspect=Perf|Gender=Masc|Mood=Ind|Number=Sing|Tense=Past|VerbForm=Fin|Voice=Mid	_	_	_	@gis1947f-words#@gis1947f#243.453#244.035
716	откуда	откуда	ADV	_	Degree=Pos	_	_	_	@gis1947f-words#@gis1947f#244.035#244.617
717	ушел	уйти	VERB	_	Aspect=Perf|Gender=Masc|Mood=Ind|Number=Sing|Tense=Past|VerbForm=Fin|Voice=Act	_	_	_	@gis1947f-words#@gis1947f#244.617#245.205
718	как	как	SCONJ	_	_	_	_	_	@gis1947f-words#@gis1947f#252.202#252.664
719	куклы	кукла	NOUN	_	Animacy=Anim|Case=Nom|Gender=Fem|Number=Plur	_	_	_	@gis1947f-words#@gis1947f#252.664#253.126
720	сами	сам	ADJ	_	Case=Nom|Degree=Pos|Number=Plur	_	_	_	@gis1947f-words#@gis1947f#253.126#253.588
721	смастерим	смастерить	VERB	_	Aspect=Perf|Mood=Ind|Number=Plur|Person=1|Tense=Fut|VerbForm=Fin|Voice=Act	_	_	_	@gis1947f-words#@gis1947f#253.588#254.051
722	сами	сам	ADJ	_	Case=Nom|Degree=Pos|Number=Plur	_	_	_	@gis1947f-words#@gis1947f#254.097#254.452
723	или	или	CCONJ	_	_	_	_	_	@gis1947f-words#@gis1947f#254.452#254.807
724	мама	мама	NOUN	_	Animacy=Anim|Case=Nom|Gender=Fem|Number=Sing	_	_	_	@gis1947f-words#@gis1947f#254.807#255.162
725	поможет	помочь	VERB	_	Aspect=Perf|Mood=Ind|Number=Sing|Person=3|Tense=Fut|VerbForm=Fin|Voice=Act	_	_	_	@gis1947f-words#@gis1947f#255.162#255.517
726	/	/	PUNCT	_	_	_	_	_	@gis1947f-words#@gis1947f#255.517#255.872
727	тряпичные	тряпичный	ADJ	_	Animacy=Inan|Case=Acc|Degree=Pos|Number=Plur	_	_	_	@gis1947f-words#@gis1947f#255.872#256.227
728	кукли	кукла	NOUN	_	Animacy=Inan|Case=Nom|Gender=Fem|Number=Plur	_	_	_	@gis1947f-words#@gis1947f#256.227#256.582
729	/	/	PUNCT	_	_	_	_	_	@gis1947f-words#@gis1947f#256.582#256.937
730	дак	так	ADV	_	Degree=Pos	_	_	_	@gis1947f-words#@gis1947f#256.937#257.292
731	вот	вот	PART	_	_	_	_	_	@gis1947f-words#@gis1947f#257.292#257.647
732	/	/	PUNCT	_	_	_	_	_	@gis1947f-words#@gis1947f#257.647#258.002
733	куклы	кукла	NOUN	_	Animacy=Anim|Case=Nom|Gender=Fem|Number=Plur	_	_	_	@gis1947f-words#@gis1947f#258.002#258.357
734	/	/	PUNCT	_	_	_	_	_	@gis1947f-words#@gis1947f#258.357#258.712
735	дак	так	ADV	_	Degree=Pos	_	_	_	@gis1947f-words#@gis1947f#258.712#259.067
736	вот	вот	PART	_	_	_	_	_	@gis1947f-words#@gis1947f#259.067#259.422
737	этими	этот	DET	_	Case=Ins|Number=Plur	_	_	_	@gis1947f-words#@gis1947f#259.422#259.777
738	куклами	кукла	NOUN	_	Animacy=Inan|Case=Ins|Gender=Masc|Number=Plur	_	_	_	@gis1947f-words#@gis1947f#259.777#260.132
739	и	и	CCONJ	_	_	_	_	_	@gis1947f-words#@gis1947f#260.132#260.487
740	играли	играть	VERB	_	Aspect=Imp|Mood=Ind|Number=Plur|Tense=Past|VerbForm=Fin|Voice=Act	_	_	_	@gis1947f-words#@gis1947f#260.487#260.842
741	/	/	PUNCT	_	_	_	_	_	@gis1947f-words#@gis1947f#260.842#261.197
742	ничего	ничто	PRON	_	Case=Gen	_	_	_	@gis1947f-words#@gis1947f#261.197#261.552
743	у	у	ADP	_	_	_	_	_	@gis1947f-words#@gis1947f#261.552#261.907
744	нас	мы	PRON	_	Case=Gen|Number=Plur|Person=1	_	_	_	@gis1947f-words#@gis1947f#261.907#262.262
745	не	не	PART	_	_	_	_	_	@gis1947f-words#@gis1947f#262.262#262.617
746	было	быть	VERB	_	Aspect=Imp|Gender=Neut|Mood=Ind|Number=Sing|Tense=Past|VerbForm=Fin|Voice=Act	_	_	_	@gis1947f-words#@gis1947f#262.617#262.972
747	/	/	PUNCT	_	_	_	_	_	@gis1947f-words#@gis1947f#262.972#263.327
748	никаких	никакой	DET	_	Case=Gen|Number=Plur	_	_	_	@gis1947f-words#@gis1947f#263.327#263.682
749	игрушек	игрушка	NOUN	_	Animacy=Inan|Case=Gen|Gender=Fem|Number=Plur	_	_	_	@gis1947f-words#@gis1947f#263.682#264.037
750	/	/	PUNCT	_	_	_	_	_	@gis1947f-words#@gis1947f#264.037#264.392
751	что	что	SCONJ	_	_	_	_	_	@gis1947f-words#@gis1947f#264.392#264.747
752	вы	вы	PRON	_	Case=Nom|Number=Plur|Person=2	_	_	_	@gis1947f-words#@gis1947f#264.747#265.102
753	[нрзб]	[нрзб]	PUNCT	_	_	_	_	_	@gis1947f-words#@gis1947f#265.102#265.475
754	я	я	PRON	_	Case=Nom|Number=Sing|Person=1	_	_	_	@gis1947f-words#@gis1947f#265.608#265.968
755	из	из	ADP	_	_	_	_	_	@gis1947f-words#@gis1947f#265.968#266.328
756	двойняшек	двойняшка	NOUN	_	Animacy=Inan|Case=Gen|Gender=Fem|Number=Plur	_	_	_	@gis1947f-words#@gis1947f#266.328#266.688
757	/	/	PUNCT	_	_	_	_	_	@gis1947f-words#@gis1947f#266.688#267.048
758	у	у	ADP	_	_	_	_	_	@gis1947f-words#@gis1947f#267.048#267.408
759	меня	я	PRON	_	Case=Gen|Number=Sing|Person=1	_	_	_	@gis1947f-words#@gis1947f#267.408#267.768
760	еще	еще	ADV	_	Degree=Pos	_	_	_	@gis1947f-words#@gis1947f#267.768#268.128
761	сестра	сестра	NOUN	_	Animacy=Inan|Case=Gen|Gender=Masc|Number=Sing	_	_	_	@gis1947f-words#@gis1947f#268.128#268.488
762	в	в	ADP	_	_	_	_	_	@gis1947f-words#@gis1947f#268.488#268.848
763	Архангельске	Архангельск	PROPN	_	Animacy=Inan|Case=Loc|Gender=Fem|Number=Sing	_	_	_	@gis1947f-words#@gis1947f#268.848#269.208
764	/	/	PUNCT	_	_	_	_	_	@gis1947f-words#@gis1947f#269.208#269.568
765	двойняшка	двойняшка	NOUN	_	Animacy=Inan|Case=Nom|Gender=Fem|Number=Sing	_	_	_	@gis1947f-words#@gis1947f#269.568#269.928
766	/	/	PUNCT	_	_	_	_	_	@gis1947f-words#@gis1947f#269.928#270.288
767	дак	дак	NOUN	_	Animacy=Inan|Case=Nom|Gender=Masc|Number=Sing	_	_	_	@gis1947f-words#@gis1947f#270.288#270.648
768	вот...	вот	PART	_	_	_	_	_	@gis1947f-words#@gis1947f#270.648#271.013
769	да	да	PART	_	_	_	_	_	@gis1947f-words#@gis1947f#271.54#272.07
770	/	/	PUNCT	_	_	_	_	_	@gis1947f-words#@gis1947f#272.07#272.6
771	двойняшки	двойняшка	NOUN	_	Animacy=Anim|Case=Nom|Gender=Fem|Number=Plur	_	_	_	@gis1947f-words#@gis1947f#272.6#273.13
772	мы	мы	PRON	_	Case=Nom|Number=Plur|Person=1	_	_	_	@gis1947f-words#@gis1947f#273.13#273.662
773	по	по	ADP	_	_	_	_	_	@gis1947f-words#@gis1947f#273.77#274.184
774	70	70	NUM	_	_	_	_	_	@gis1947f-words#@gis1947f#274.184#274.598
775	годов	год	NOUN	_	Animacy=Inan|Case=Gen|Gender=Masc|Number=Plur	_	_	_	@gis1947f-words#@gis1947f#274.598#275.012
776	нам	мы	PRON	_	Case=Dat|Number=Plur|Person=1	_	_	_	@gis1947f-words#@gis1947f#275.012#275.426
777	в	в	ADP	_	_	_	_	_	@gis1947f-words#@gis1947f#275.426#275.84
778	декабре	декабрь	NOUN	_	Animacy=Inan|Case=Loc|Gender=Masc|Number=Sing	_	_	_	@gis1947f-words#@gis1947f#275.84#276.254
779	исполнилось	исполниться	VERB	_	Aspect=Perf|Gender=Neut|Mood=Ind|Number=Sing|Tense=Past|VerbForm=Fin|Voice=Mid	_	_	_	@gis1947f-words#@gis1947f#276.254#276.668
780	/	/	PUNCT	_	_	_	_	_	@gis1947f-words#@gis1947f#276.668#277.082
781	вот	вот	PART	_	_	_	_	_	@gis1947f-words#@gis1947f#277.082#277.5
782	так	так	ADV	_	Degree=Pos	_	_	_	@gis1947f-words#@gis1947f#277.783#278.181
783	это...	это	PART	_	_	_	_	_	@gis1947f-words#@gis1947f#278.181#278.579
784	/	/	PUNCT	_	_	_	_	_	@gis1947f-words#@gis1947f#278.579#278.977
785	нам	мы	PRON	_	Case=Dat|Number=Plur|Person=1	_	_	_	@gis1947f-words#@gis1947f#278.977#279.375
786	весело	веселый	ADV	_	Degree=Pos	_	_	_	@gis1947f-words#@gis1947f#279.375#279.773
787	было	быть	AUX	_	Aspect=Imp|Gender=Neut|Mood=Ind|Number=Sing|Tense=Past|VerbForm=Fin|Voice=Act	_	_	_	@gis1947f-words#@gis1947f#279.773#280.171
788	с	с	ADP	_	_	_	_	_	@gis1947f-words#@gis1947f#280.171#280.569
789	ней	она	PRON	_	Case=Ins|Gender=Fem|Number=Sing|Person=3	_	_	_	@gis1947f-words#@gis1947f#280.569#280.968
790	[нрзб]	[нрзб]	PUNCT	_	_	_	_	_	@gis1947f-words#@gis1947f#281.281#281.672
791	играли	играть	VERB	_	Aspect=Imp|Mood=Ind|Number=Plur|Tense=Past|VerbForm=Fin|Voice=Act	_	_	_	@gis1947f-words#@gis1947f#281.672#282.063
792	/	/	PUNCT	_	_	_	_	_	@gis1947f-words#@gis1947f#282.063#282.454
793	стояли	стоять	VERB	_	Aspect=Imp|Mood=Ind|Number=Plur|Tense=Past|VerbForm=Fin|Voice=Act	_	_	_	@gis1947f-words#@gis1947f#282.454#282.845
794	у	у	ADP	_	_	_	_	_	@gis1947f-words#@gis1947f#282.845#283.236
795	нас	мы	PRON	_	Case=Gen|Number=Plur|Person=1	_	_	_	@gis1947f-words#@gis1947f#283.236#283.627
796	лавки	лавка	NOUN	_	Animacy=Inan|Case=Nom|Gender=Fem|Number=Plur	_	_	_	@gis1947f-words#@gis1947f#283.627#284.018
797	да	да	CCONJ	_	_	_	_	_	@gis1947f-words#@gis1947f#284.018#284.409
798	шкафы	шкаф	NOUN	_	Animacy=Inan|Case=Nom|Gender=Masc|Number=Plur	_	_	_	@gis1947f-words#@gis1947f#284.409#284.8
799	/	/	PUNCT	_	_	_	_	_	@gis1947f-words#@gis1947f#284.8#285.191
800	так	так	ADV	_	Degree=Pos	_	_	_	@gis1947f-words#@gis1947f#285.191#285.582
801	вот	вот	PART	_	_	_	_	_	@gis1947f-words#@gis1947f#285.582#285.973
802	из-за	из-за	ADP	_	_	_	_	_	@gis1947f-words#@gis1947f#285.973#286.364
803	шкафа	шкафа	NOUN	_	Animacy=Inan|Case=Gen|Gender=Masc|Number=Sing	_	_	_	@gis1947f-words#@gis1947f#286.364#286.755
804	встанем	встануть	NOUN	_	Animacy=Inan|Case=Ins|Gender=Masc|Number=Sing	_	_	_	@gis1947f-words#@gis1947f#286.755#287.146
805	на	на	ADP	_	_	_	_	_	@gis1947f-words#@gis1947f#287.146#287.537
806	лавку	лавка	NOUN	_	Animacy=Inan|Case=Acc|Gender=Fem|Number=Sing	_	_	_	@gis1947f-words#@gis1947f#287.537#287.928
807	и	и	CCONJ	_	_	_	_	_	@gis1947f-words#@gis1947f#287.928#288.319
808	вот	вот	PART	_	_	_	_	_	@gis1947f-words#@gis1947f#288.319#288.71
809	поёт	поёть	VERB	_	Aspect=Imp|Mood=Ind|Number=Sing|Person=3|Tense=Pres|VerbForm=Fin|Voice=Act	_	_	_	@gis1947f-words#@gis1947f#288.71#289.101
810	/	/	PUNCT	_	_	_	_	_	@gis1947f-words#@gis1947f#289.101#289.492
811	там	там	ADV	_	Degree=Pos	_	_	_	@gis1947f-words#@gis1947f#289.492#289.883
812	Пилюгина	Пилюгин	PROPN	_	Animacy=Anim|Case=Nom|Gender=Fem|Number=Sing	_	_	_	@gis1947f-words#@gis1947f#289.883#290.274
813	Сима	Сима	PROPN	_	Animacy=Anim|Case=Nom|Gender=Fem|Number=Sing	_	_	_	@gis1947f-words#@gis1947f#290.274#290.665
814	/	/	PUNCT	_	_	_	_	_	@gis1947f-words#@gis1947f#290.665#291.056
815	или	или	CCONJ	_	_	_	_	_	@gis1947f-words#@gis1947f#291.056#291.447
816	поёт	поёт	NOUN	_	Animacy=Inan|Case=Nom|Gender=Masc|Number=Sing	_	_	_	@gis1947f-words#@gis1947f#291.447#291.838
817	Пилюгина	Пилюгин	PROPN	_	Animacy=Anim|Case=Nom|Gender=Fem|Number=Sing	_	_	_	@gis1947f-words#@gis1947f#291.838#292.229
818	Лида	Лида	PROPN	_	Animacy=Anim|Case=Nom|Gender=Fem|Number=Sing	_	_	_	@gis1947f-words#@gis1947f#292.229#292.62
819	/	/	PUNCT	_	_	_	_	_	@gis1947f-words#@gis1947f#292.62#293.011
820	#смеются#	#смеются#	PUNCT	_	_	_	_	_	@gis1947f-words#@gis1947f#293.011#293.418
821	друг	друг	NOUN	_	Animacy=Anim|Case=Nom|Gender=Masc|Number=Sing	_	_	_	@gis1947f-words#@gis1947f#294.405#294.767
822	другу	друг	NOUN	_	Animacy=Anim|Case=Dat|Gender=Masc|Number=Sing	_	_	_	@gis1947f-words#@gis1947f#294.767#295.129
823	объявляем	объявлять	VERB	_	Aspect=Imp|Mood=Ind|Number=Plur|Person=1|Tense=Pres|VerbForm=Fin|Voice=Act	_	_	_	@gis1947f-words#@gis1947f#295.129#295.491
824	/	/	PUNCT	_	_	_	_	_	@gis1947f-words#@gis1947f#295.491#295.853
825	и	и	CCONJ	_	_	_	_	_	@gis1947f-words#@gis1947f#295.853#296.215
826	папа	папа	NOUN	_	Animacy=Anim|Case=Nom|Gender=Masc|Number=Sing	_	_	_	@gis1947f-words#@gis1947f#296.215#296.577
827	с	с	ADP	_	_	_	_	_	@gis1947f-words#@gis1947f#296.577#296.939
828	мамой	мама	NOUN	_	Animacy=Anim|Case=Ins|Gender=Fem|Number=Sing	_	_	_	@gis1947f-words#@gis1947f#296.939#297.301
829	в	в	ADP	_	_	_	_	_	@gis1947f-words#@gis1947f#297.301#297.663
830	конце	конец	NOUN	_	Animacy=Inan|Case=Loc|Gender=Masc|Number=Sing	_	_	_	@gis1947f-words#@gis1947f#297.663#298.025
831	[нрзб]	[нрзб]	PUNCT	_	_	_	_	_	@gis1947f-words#@gis1947f#298.025#298.387
832	/	/	PUNCT	_	_	_	_	_	@gis1947f-words#@gis1947f#298.387#298.749
833	песни	песня	NOUN	_	Animacy=Inan|Case=Acc|Gender=Fem|Number=Plur	_	_	_	@gis1947f-words#@gis1947f#298.749#299.111
834	да	да	CCONJ	_	_	_	_	_	@gis1947f-words#@gis1947f#299.111#299.473
835	частушки	частушка	NOUN	_	Animacy=Inan|Case=Acc|Gender=Fem|Number=Plur	_	_	_	@gis1947f-words#@gis1947f#299.473#299.835
836	пели	петь	VERB	_	Aspect=Imp|Mood=Ind|Number=Plur|Tense=Past|VerbForm=Fin|Voice=Act	_	_	_	@gis1947f-words#@gis1947f#299.835#300.197
837	/	/	PUNCT	_	_	_	_	_	@gis1947f-words#@gis1947f#300.197#300.559
838	вот	вот	PART	_	_	_	_	_	@gis1947f-words#@gis1947f#300.559#300.921
839	с	с	ADP	_	_	_	_	_	@gis1947f-words#@gis1947f#300.921#301.283
840	таких	такой	DET	_	Case=Gen|Number=Plur	_	_	_	@gis1947f-words#@gis1947f#301.283#301.645
841	с	с	ADP	_	_	_	_	_	@gis1947f-words#@gis1947f#301.645#302.007
842	маленьких	маленький	ADJ	_	Case=Gen|Degree=Pos|Number=Plur	_	_	_	@gis1947f-words#@gis1947f#302.007#302.369
843	лет	год	NOUN	_	Animacy=Inan|Case=Gen|Gender=Masc|Number=Plur	_	_	_	@gis1947f-words#@gis1947f#302.369#302.731
844	каких	какой	DET	_	Case=Gen|Number=Plur	_	_	_	@gis1947f-words#@gis1947f#302.731#303.093
845	знали	знать	VERB	_	Aspect=Imp|Mood=Ind|Number=Plur|Tense=Past|VerbForm=Fin|Voice=Act	_	_	_	@gis1947f-words#@gis1947f#303.093#303.472
846	ээ...	ээ	INTJ	_	_	_	_	_	@gis1947f-words#@gis1947f#303.729#304.238
847	дак	так	ADV	_	Degree=Pos	_	_	_	@gis1947f-words#@gis1947f#304.238#304.747
848	вот	вот	PART	_	_	_	_	_	@gis1947f-words#@gis1947f#304.747#305.256
849	/	/	PUNCT	_	_	_	_	_	@gis1947f-words#@gis1947f#305.256#305.765
850	это	это	PRON	_	Animacy=Inan|Case=Acc|Gender=Neut|Number=Sing	_	_	_	@gis1947f-words#@gis1947f#305.765#306.274
851	вот	вот	PART	_	_	_	_	_	@gis1947f-words#@gis1947f#306.274#306.783
852	запомнила...	запомнила...	PROPN	_	Animacy=Anim|Case=Dat|Gender=Fem|Number=Sing	_	_	_	@gis1947f-words#@gis1947f#306.783#307.297
853	все	весь	PRON	_	Animacy=Anim|Case=Nom|Number=Plur	_	_	_	@gis1947f-words#@gis1947f#307.44#307.765
854	трудились	трудиться	VERB	_	Aspect=Imp|Mood=Ind|Number=Plur|Tense=Past|VerbForm=Fin|Voice=Mid	_	_	_	@gis1947f-words#@gis1947f#307.765#308.09
855	много	много	ADV	_	Degree=Pos	_	_	_	@gis1947f-words#@gis1947f#308.09#308.415
856	/	/	PUNCT	_	_	_	_	_	@gis1947f-words#@gis1947f#308.415#308.74
857	мама	мама	NOUN	_	Animacy=Anim|Case=Nom|Gender=Fem|Number=Sing	_	_	_	@gis1947f-words#@gis1947f#308.74#309.065
858	труд...	труд...	PROPN	_	Animacy=Anim|Case=Nom|Gender=Fem|Number=Sing	_	_	_	@gis1947f-words#@gis1947f#309.065#309.39
859	/	/	PUNCT	_	_	_	_	_	@gis1947f-words#@gis1947f#309.39#309.715
860	работала	работать	VERB	_	Aspect=Imp|Gender=Fem|Mood=Ind|Number=Sing|Tense=Past|VerbForm=Fin|Voice=Act	_	_	_	@gis1947f-words#@gis1947f#309.715#310.04
861	на	на	ADP	_	_	_	_	_	@gis1947f-words#@gis1947f#310.04#310.365
862	ферме	ферма	NOUN	_	Animacy=Inan|Case=Loc|Gender=Fem|Number=Sing	_	_	_	@gis1947f-words#@gis1947f#310.365#310.69
863	телятницей	телятница	NOUN	_	Animacy=Anim|Case=Ins|Gender=Fem|Number=Sing	_	_	_	@gis1947f-words#@gis1947f#310.69#311.015
864	/	/	PUNCT	_	_	_	_	_	@gis1947f-words#@gis1947f#311.015#311.34
865	папа	папа	NOUN	_	Animacy=Anim|Case=Nom|Gender=Masc|Number=Sing	_	_	_	@gis1947f-words#@gis1947f#311.34#311.665
866	на	на	ADP	_	_	_	_	_	@gis1947f-words#@gis1947f#311.665#311.99
867	конюшнике	конюшник	NOUN	_	Animacy=Inan|Case=Loc|Gender=Masc|Number=Sing	_	_	_	@gis1947f-words#@gis1947f#311.99#312.315
868	/	/	PUNCT	_	_	_	_	_	@gis1947f-words#@gis1947f#312.315#312.64
869	но	но	CCONJ	_	_	_	_	_	@gis1947f-words#@gis1947f#312.64#312.965
870	сначала	сначала	ADV	_	Degree=Pos	_	_	_	@gis1947f-words#@gis1947f#312.965#313.29
871	бригадиром	бригадир	NOUN	_	Animacy=Anim|Case=Ins|Gender=Masc|Number=Sing	_	_	_	@gis1947f-words#@gis1947f#313.29#313.615
872	был	быть	AUX	_	Aspect=Imp|Gender=Masc|Mood=Ind|Number=Sing|Tense=Past|VerbForm=Fin|Voice=Act	_	_	_	@gis1947f-words#@gis1947f#313.615#313.94
873	/	/	PUNCT	_	_	_	_	_	@gis1947f-words#@gis1947f#313.94#314.265
874	но	но	CCONJ	_	_	_	_	_	@gis1947f-words#@gis1947f#314.265#314.59
875	у	у	ADP	_	_	_	_	_	@gis1947f-words#@gis1947f#314.59#314.915
876	него	он	PRON	_	Case=Gen|Gender=Masc|Number=Sing|Person=3	_	_	_	@gis1947f-words#@gis1947f#314.915#315.24
877	не	не	PART	_	_	_	_	_	@gis1947f-words#@gis1947f#315.24#315.565
878	было	быть	VERB	_	Aspect=Imp|Gender=Neut|Mood=Ind|Number=Sing|Tense=Past|VerbForm=Fin|Voice=Act	_	_	_	@gis1947f-words#@gis1947f#315.565#315.89
879	образо...	образование	NOUN	_	Animacy=Inan|Case=Gen|Gender=Neut|Number=Sing	_	_	_	@gis1947f-words#@gis1947f#315.89#316.215
880	образования	образование	NOUN	_	Animacy=Inan|Case=Gen|Gender=Neut|Number=Sing	_	_	_	@gis1947f-words#@gis1947f#316.215#316.54
881	/	/	PUNCT	_	_	_	_	_	@gis1947f-words#@gis1947f#316.54#316.865
882	так	так	ADV	_	Degree=Pos	_	_	_	@gis1947f-words#@gis1947f#316.865#317.19
883	он	он	PRON	_	Case=Nom|Gender=Masc|Number=Sing|Person=3	_	_	_	@gis1947f-words#@gis1947f#317.19#317.515
884	не	не	PART	_	_	_	_	_	@gis1947f-words#@gis1947f#317.515#317.84
885	смог	мочь	VERB	_	Aspect=Perf|Gender=Masc|Mood=Ind|Number=Sing|Tense=Past|VerbForm=Fin|Voice=Act	_	_	_	@gis1947f-words#@gis1947f#317.84#318.165
886	там	там	ADV	_	Degree=Pos	_	_	_	@gis1947f-words#@gis1947f#318.165#318.49
887	работать	работать	VERB	_	Aspect=Imp|VerbForm=Inf|Voice=Act	_	_	_	@gis1947f-words#@gis1947f#318.49#318.815
888	то	то	PRON	_	Animacy=Inan|Case=Acc|Gender=Neut|Number=Sing	_	_	_	@gis1947f-words#@gis1947f#318.815#319.14
889	/	/	PUNCT	_	_	_	_	_	@gis1947f-words#@gis1947f#319.14#319.465
890	потом	потом	ADV	_	Degree=Pos	_	_	_	@gis1947f-words#@gis1947f#319.465#319.79
891	ушел	уйти	VERB	_	Aspect=Perf|Gender=Masc|Mood=Ind|Number=Sing|Tense=Past|VerbForm=Fin|Voice=Act	_	_	_	@gis1947f-words#@gis1947f#319.79#320.115
892	конюхом	конюх	NOUN	_	Animacy=Inan|Case=Ins|Gender=Masc|Number=Sing	_	_	_	@gis1947f-words#@gis1947f#320.115#320.459
893	так	так	ADV	_	Degree=Pos	_	_	_	@gis1947f-words#@gis1947f#320.633#320.957
894	вот	вот	PART	_	_	_	_	_	@gis1947f-words#@gis1947f#320.957#321.281
895	бегали	бегать	VERB	_	Aspect=Imp|Mood=Ind|Number=Plur|Tense=Past|VerbForm=Fin|Voice=Act	_	_	_	@gis1947f-words#@gis1947f#321.281#321.605
896	/	/	PUNCT	_	_	_	_	_	@gis1947f-words#@gis1947f#321.605#321.929
897	то	то	SCONJ	_	_	_	_	_	@gis1947f-words#@gis1947f#321.929#322.253
898	на	на	ADP	_	_	_	_	_	@gis1947f-words#@gis1947f#322.253#322.577
899	ферму	ферма	NOUN	_	Animacy=Inan|Case=Acc|Gender=Fem|Number=Sing	_	_	_	@gis1947f-words#@gis1947f#322.577#322.901
900	/	/	PUNCT	_	_	_	_	_	@gis1947f-words#@gis1947f#322.901#323.225
901	то	то	SCONJ	_	_	_	_	_	@gis1947f-words#@gis1947f#323.225#323.549
902	к	к	ADP	_	_	_	_	_	@gis1947f-words#@gis1947f#323.549#323.873
903	папе	папа	NOUN	_	Animacy=Inan|Case=Dat|Gender=Fem|Number=Sing	_	_	_	@gis1947f-words#@gis1947f#323.873#324.197
904	на	на	ADP	_	_	_	_	_	@gis1947f-words#@gis1947f#324.197#324.521
905	конюшенник	конюшенник	NOUN	_	Animacy=Inan|Case=Acc|Gender=Masc|Number=Sing	_	_	_	@gis1947f-words#@gis1947f#324.521#324.857
906	то...	то	SCONJ	_	_	_	_	_	@gis1947f-words#@gis1947f#324.918#325.449
907	/	/	PUNCT	_	_	_	_	_	@gis1947f-words#@gis1947f#325.449#325.98
908	скажет	сказать	VERB	_	Aspect=Perf|Mood=Ind|Number=Sing|Person=3|Tense=Fut|VerbForm=Fin|Voice=Act	_	_	_	@gis1947f-words#@gis1947f#325.98#326.511
909	/	/	PUNCT	_	_	_	_	_	@gis1947f-words#@gis1947f#326.511#327.042
910	уедет	уехать	VERB	_	Aspect=Perf|Mood=Ind|Number=Sing|Person=3|Tense=Fut|VerbForm=Fin|Voice=Act	_	_	_	@gis1947f-words#@gis1947f#327.042#327.573
911	куда	куда	ADV	_	Degree=Pos	_	_	_	@gis1947f-words#@gis1947f#327.573#328.104
912	за	за	ADP	_	_	_	_	_	@gis1947f-words#@gis1947f#328.104#328.635
913	этим...	это	PRON	_	Animacy=Inan|Case=Ins|Gender=Neut|Number=Sing	_	_	_	@gis1947f-words#@gis1947f#328.635#329.166
914	/	/	PUNCT	_	_	_	_	_	@gis1947f-words#@gis1947f#329.166#329.697
915	за	за	ADP	_	_	_	_	_	@gis1947f-words#@gis1947f#329.697#330.228
916	травой	трава	NOUN	_	Animacy=Inan|Case=Ins|Gender=Fem|Number=Sing	_	_	_	@gis1947f-words#@gis1947f#330.228#330.759
917	/	/	PUNCT	_	_	_	_	_	@gis1947f-words#@gis1947f#330.759#331.29
918	чтобы	чтобы	SCONJ	_	Mood=Cnd	_	_	_	@gis1947f-words#@gis1947f#331.29#331.821
919	коням-то	конь	NOUN	_	Animacy=Anim|Case=Dat|Gender=Masc|Number=Plur	_	_	_	@gis1947f-words#@gis1947f#331.821#332.352
920	надовать	надавать	VERB	_	Aspect=Imp|VerbForm=Inf|Voice=Act	_	_	_	@gis1947f-words#@gis1947f#332.352#332.883
921	так	так	ADV	_	Degree=Pos	_	_	_	@gis1947f-words#@gis1947f#332.883#333.323
922	это	это	PRON	_	Animacy=Inan|Case=Acc|Gender=Neut|Number=Sing	_	_	_	@gis1947f-words#@gis1947f#333.323#333.763
923	/	/	PUNCT	_	_	_	_	_	@gis1947f-words#@gis1947f#333.763#334.203
924	скажет	сказать	VERB	_	Aspect=Perf|Mood=Ind|Number=Sing|Person=3|Tense=Fut|VerbForm=Fin|Voice=Act	_	_	_	@gis1947f-words#@gis1947f#334.203#334.643
925	/	/	PUNCT	_	_	_	_	_	@gis1947f-words#@gis1947f#334.643#335.083
926	может	мочь	VERB	_	Aspect=Imp|Mood=Ind|Number=Sing|Person=3|Tense=Pres|VerbForm=Fin|Voice=Act	_	_	_	@gis1947f-words#@gis1947f#335.083#335.523
927	напоите	напоить	VERB	_	Aspect=Imp|Mood=Ind|Number=Plur|Person=2|Tense=Pres|VerbForm=Fin|Voice=Act	_	_	_	@gis1947f-words#@gis1947f#335.523#335.963
928	/	/	PUNCT	_	_	_	_	_	@gis1947f-words#@gis1947f#335.963#336.403
929	только	только	PART	_	_	_	_	_	@gis1947f-words#@gis1947f#336.403#336.843
930	не	не	PART	_	_	_	_	_	@gis1947f-words#@gis1947f#336.843#337.283
931	садитесь	садиться	VERB	_	Aspect=Imp|Mood=Imp|Number=Plur|Person=2|VerbForm=Fin|Voice=Mid	_	_	_	@gis1947f-words#@gis1947f#337.283#337.723
932	на...	на	ADP	_	_	_	_	_	@gis1947f-words#@gis1947f#337.723#338.163
933	на	на	ADP	_	_	_	_	_	@gis1947f-words#@gis1947f#338.163#338.603
934	эту...	этот	DET	_	Case=Acc|Gender=Fem|Number=Sing	_	_	_	@gis1947f-words#@gis1947f#338.603#339.043
935	/	/	PUNCT	_	_	_	_	_	@gis1947f-words#@gis1947f#339.043#339.483
936	на	на	ADP	_	_	_	_	_	@gis1947f-words#@gis1947f#339.483#339.923
937	верх	верх	NOUN	_	Animacy=Inan|Case=Acc|Gender=Masc|Number=Sing	_	_	_	@gis1947f-words#@gis1947f#339.923#340.363
938	/	/	PUNCT	_	_	_	_	_	@gis1947f-words#@gis1947f#340.363#340.803
939	а	а	CCONJ	_	_	_	_	_	@gis1947f-words#@gis1947f#340.803#341.243
940	только	только	PART	_	_	_	_	_	@gis1947f-words#@gis1947f#341.243#341.683
941	он	он	PRON	_	Case=Nom|Gender=Masc|Number=Sing|Person=3	_	_	_	@gis1947f-words#@gis1947f#341.683#342.123
942	сказал	сказать	VERB	_	Aspect=Perf|Gender=Masc|Mood=Ind|Number=Sing|Tense=Past|VerbForm=Fin|Voice=Act	_	_	_	@gis1947f-words#@gis1947f#342.123#342.563
943	на	на	ADP	_	_	_	_	_	@gis1947f-words#@gis1947f#342.563#343.003
944	какую	какой	DET	_	Case=Acc|Gender=Masc|Number=Sing	_	_	_	@gis1947f-words#@gis1947f#343.003#343.443
945	не	не	PART	_	_	_	_	_	@gis1947f-words#@gis1947f#343.443#343.883
946	садитесь	садиться	VERB	_	Aspect=Imp|Mood=Imp|Number=Plur|Person=2|VerbForm=Fin|Voice=Mid	_	_	_	@gis1947f-words#@gis1947f#343.883#344.323
947	/	/	PUNCT	_	_	_	_	_	@gis1947f-words#@gis1947f#344.323#344.763
948	я	я	PRON	_	Case=Nom|Number=Sing|Person=1	_	_	_	@gis1947f-words#@gis1947f#344.763#345.203
949	уж	уж	PART	_	_	_	_	_	@gis1947f-words#@gis1947f#345.203#345.643
950	на	на	ADP	_	_	_	_	_	@gis1947f-words#@gis1947f#345.643#346.083
951	то	то	PRON	_	Animacy=Inan|Case=Acc|Gender=Neut|Number=Sing	_	_	_	@gis1947f-words#@gis1947f#346.083#346.523
952	обязательно	обязательно	ADV	_	Degree=Pos	_	_	_	@gis1947f-words#@gis1947f#346.523#346.963
953	села	сесть	VERB	_	Aspect=Perf|Gender=Fem|Mood=Ind|Number=Sing|Tense=Past|VerbForm=Fin|Voice=Mid	_	_	_	@gis1947f-words#@gis1947f#346.963#347.403
954	так	так	ADV	_	Degree=Pos	_	_	_	@gis1947f-words#@gis1947f#347.403#347.843
955	был...	был...	X	_	_	_	_	_	@gis1947f-words#@gis1947f#347.843#348.283
956	#смеются#	#смеются#	PUNCT	_	_	_	_	_	@gis1947f-words#@gis1947f#348.283#348.723
957	у	у	ADP	_	_	_	_	_	@gis1947f-words#@gis1947f#348.723#349.163
958	меня	я	PRON	_	Case=Gen|Number=Sing|Person=1	_	_	_	@gis1947f-words#@gis1947f#349.163#349.603
959	норов	норов	NOUN	_	Animacy=Anim|Case=Nom|Gender=Masc|Number=Sing	_	_	_	@gis1947f-words#@gis1947f#349.603#350.049

